stock,symbol,symbol_yf,RS_perf_1m,RS_perf_3m,RS_perf_6m,RS_perf_ytd,RS_perf_y,date
Oncozenge Ab,ONCOZ,ONCOZ.ST,98,98,99,99,100,2023-05-02T10:29:59Z
Fantasma Games Ab,FAGA,FAGA.ST,92,95,99,97,100,2023-05-02T10:29:59Z
Bioarctic Ab Ser. B,BIOA_B,BIOA-B.ST,79,37,70,49,100,2023-05-02T10:29:59Z
Rederiaktiebolaget Gotland Ser. B,GOTL_B,GOTL-B.ST,53,35,100,41,100,2023-05-02T10:29:59Z
Rederiaktiebolaget Gotland Ser. A,GOTL_A,GOTL-A.ST,46,39,100,48,100,2023-05-02T10:29:59Z
W5 Solutions Ab,W5,W5.ST,93,98,97,96,99,2023-05-02T10:29:59Z
Addvise Group Ab A,ADDV_A,ADDV-A.ST,97,99,98,100,99,2023-05-02T10:29:59Z
Odfjell Se A,ODFO,ODFO.ST,78,89,92,80,99,2023-05-02T10:29:59Z
Addvise Group Ab B,ADDV_B,ADDV-B.ST,95,99,99,99,99,2023-05-02T10:29:59Z
Hoegh Autoliners Asa,HAUTOO,HAUTOO.ST,92,78,71,73,99,2023-05-02T10:29:59Z
Okeanis Eco Tankers Corp,OETO,OETO.ST,31,96,88,92,99,2023-05-02T10:29:59Z
Bonesupport Holding Ab,BONEX,BONEX.ST,94,85,67,86,99,2023-05-02T10:29:59Z
Odfjell Technology Ltd,OTLO,OTLO.ST,73,95,99,97,99,2023-05-02T10:29:59Z
Saniona Ab,SANION,SANION.ST,67,100,98,99,99,2023-05-02T10:29:59Z
Odfjell Se B,ODFBO,ODFBO.ST,51,86,100,82,99,2023-05-02T10:29:59Z
Bioextrax Ab,BIOEX,BIOEX.ST,99,100,98,99,98,2023-05-02T10:29:59Z
Waystream Group Ab,WAYS,WAYS.ST,6,10,47,17,98,2023-05-02T10:29:59Z
Kitron Asa,KITO,KITO.ST,91,98,98,94,98,2023-05-02T10:29:59Z
Hafnia Limited,HAFNIO,HAFNIO.ST,29,76,51,67,98,2023-05-02T10:29:59Z
Pgs Asa,PGSO,PGSO.ST,6,26,59,67,98,2023-05-02T10:29:59Z
Borr Drilling Limited,BORRO,BORRO.ST,28,94,93,95,98,2023-05-02T10:29:59Z
Frontline Plc,FROO,FROO.ST,27,85,80,95,98,2023-05-02T10:29:59Z
Ferronordic Ab,FNM,FNM.ST,80,77,99,82,98,2023-05-02T10:29:59Z
Readly International Ab,READ,READ.ST,48,66,98,81,98,2023-05-02T10:29:59Z
Egetis Therapeutics Ab,EGTX,EGTX.ST,86,96,98,83,97,2023-05-02T10:29:59Z
Stolt-Nielsen Ltd.,SNIO,SNIO.ST,17,80,76,78,97,2023-05-02T10:29:59Z
Betsson Ab Ser. B,BETS_B,BETS-B.ST,83,92,83,87,97,2023-05-02T10:29:59Z
Eidesvik Offshore Asa,EIOFO,EIOFO.ST,65,97,97,68,97,2023-05-02T10:29:59Z
Avance Gas Holding Ltd.,AGASO,AGASO.ST,57,84,63,80,97,2023-05-02T10:29:59Z
Arctic Paper S.a.,ARP,ARP.ST,39,38,37,53,97,2023-05-02T10:29:59Z
Hanza Ab,HANZA,HANZA.ST,50,91,95,96,97,2023-05-02T10:29:59Z
Rolling Optics Holding Ab,RO,RO.ST,15,21,99,100,97,2023-05-02T10:29:59Z
Norditek Group Ab,NOTEK,NOTEK.ST,88,98,98,98,97,2023-05-02T10:29:59Z
Inission Ab Ser. B,INISS_B,INISS-B.ST,78,82,96,98,96,2023-05-02T10:29:59Z
Munters Group Ab,MTRS,MTRS.ST,64,65,70,46,96,2023-05-02T10:29:59Z
Beijer Electronics Group Ab,BELE,BELE.ST,91,61,80,49,96,2023-05-02T10:29:59Z
Dedicare Ab Ser. B,DEDI,DEDI.ST,54,79,75,73,96,2023-05-02T10:29:59Z
Enad Global 7 Ab,EG7,EG7.ST,59,50,97,53,96,2023-05-02T10:29:59Z
Starbreeze Ab Ser. A,STAR_A,STAR-A.ST,39,58,96,52,96,2023-05-02T10:29:59Z
Shelf Drilling Ltd.,SHLFO,SHLFO.ST,45,25,62,57,96,2023-05-02T10:29:59Z
Ultimovacs Asa,ULTIO,ULTIO.ST,88,87,96,74,96,2023-05-02T10:29:59Z
I-Tech Ab,ITECH,ITECH.ST,60,94,82,91,96,2023-05-02T10:29:59Z
Medcap Ab,MCAP,MCAP.ST,60,82,88,80,96,2023-05-02T10:29:59Z
Lifeclean International Ab,LCLEAN,LCLEAN.ST,66,48,97,61,95,2023-05-02T10:29:59Z
Lundin Gold Inc.,LUG,LUG.ST,80,78,96,89,95,2023-05-02T10:29:59Z
Svenska Aerogel Holding Ab,AERO,AERO.ST,44,25,99,6,95,2023-05-02T10:29:59Z
Fluoguide A/S,FLUO,FLUO.ST,39,99,97,100,95,2023-05-02T10:29:59Z
Viking Supply Ships Ab Ser. B,VSSAB_B,VSSAB-B.ST,32,81,94,95,95,2023-05-02T10:29:59Z
Calliditas Therapeutics Ab,CALTX,CALTX.ST,59,92,93,90,95,2023-05-02T10:29:59Z
Gasporox Ab,GPX,GPX.ST,81,89,99,96,95,2023-05-02T10:29:59Z
Avtech Sweden Ab B,AVT_B,AVT-B.ST,61,71,82,85,95,2023-05-02T10:29:59Z
Savosolar Plc,SAVOS,SAVOS.ST,29,13,28,23,95,2023-05-02T10:29:59Z
Saltx Technology Holding Ab Ser. B,SALT_B,SALT-B.ST,83,31,25,25,94,2023-05-02T10:29:59Z
Netjobs Group Ab,NJOB,NJOB.ST,92,47,85,77,94,2023-05-02T10:29:59Z
Clean Motion Ab,CLEMO,CLEMO.ST,81,66,17,45,94,2023-05-02T10:29:59Z
Alzecure Pharma Ab,ALZCUR,ALZCUR.ST,30,59,51,66,94,2023-05-02T10:29:59Z
Raysearch Laboratories Ab Ser. B,RAY_B,RAY-B.ST,19,39,72,48,94,2023-05-02T10:29:59Z
Hedera Group Ab,HEGR,HEGR.ST,47,72,90,46,94,2023-05-02T10:29:59Z
Scandinavian Enviro Systems Ab,SES,SES.ST,95,98,90,94,94,2023-05-02T10:29:59Z
Elopak Asa,ELOO,ELOO.ST,54,60,71,50,94,2023-05-02T10:29:59Z
Subsea 7 S.a.,SUBCO,SUBCO.ST,43,65,68,63,94,2023-05-02T10:29:59Z
Klaveness Combination Carriers Asa,KCCO,KCCO.ST,90,89,86,87,93,2023-05-02T10:29:59Z
Teqnion Ab,TEQ,TEQ.ST,22,78,89,83,93,2023-05-02T10:29:59Z
Proact It Group Ab,PACT,PACT.ST,45,90,76,88,93,2023-05-02T10:29:59Z
Ages Industri Ab Ser. B,AGES_B,AGES-B.ST,96,99,94,98,93,2023-05-02T10:29:59Z
Camurus Ab,CAMX,CAMX.ST,78,52,38,39,93,2023-05-02T10:29:59Z
Solstad Offshore Asa,SOFFO,SOFFO.ST,4,6,43,10,93,2023-05-02T10:29:59Z
Wallenius Wilhelmsen Asa,WAWIO,WAWIO.ST,85,38,71,27,93,2023-05-02T10:29:59Z
Paradox Interactive Ab,PDX,PDX.ST,39,95,79,76,93,2023-05-02T10:29:59Z
Starbreeze Ab Ser. B,STAR_B,STAR-B.ST,15,25,93,35,93,2023-05-02T10:29:59Z
Protector Forsikring Asa,PROTO,PROTO.ST,82,69,71,76,93,2023-05-02T10:29:59Z
Europris Asa,EPRO,EPRO.ST,63,83,81,64,92,2023-05-02T10:29:59Z
Atlas Copco Ab Ser. A,ATCO_A,ATCO-A.ST,89,87,82,77,92,2023-05-02T10:29:59Z
Annexin Pharmaceuticals Ab,ANNX,ANNX.ST,54,36,70,72,92,2023-05-02T10:29:59Z
Awilco Lng Asa,ALNGO,ALNGO.ST,89,86,72,75,92,2023-05-02T10:29:59Z
Gaming Innovation Group Inc.,GIGSEK,GIGSEK.ST,79,63,40,46,92,2023-05-02T10:29:59Z
Xvivo Perfusion Ab,XVIVO,XVIVO.ST,96,97,96,97,92,2023-05-02T10:29:59Z
Aprendere Skolor Ab,APRNDR,APRNDR.ST,56,74,70,67,92,2023-05-02T10:29:59Z
Aq Group Ab,AQ,AQ.ST,74,88,92,89,92,2023-05-02T10:29:59Z
Nordic Iron Ore Ab,NIO,NIO.ST,50,47,59,37,92,2023-05-02T10:29:59Z
Quartiers Properties Ab,QUART,QUART.ST,31,73,83,51,91,2023-05-02T10:29:59Z
Zaptec Asa,ZAPO,ZAPO.ST,94,96,88,92,91,2023-05-02T10:29:59Z
Bulten Ab,BULTEN,BULTEN.ST,83,97,93,97,91,2023-05-02T10:29:59Z
Devport Ab Ser. B,DEVP_B,DEVP-B.ST,61,82,76,80,91,2023-05-02T10:29:59Z
Hemnet Group Ab,HEM,HEM.ST,50,86,73,91,91,2023-05-02T10:29:59Z
Better Collective A/S,BETCO,BETCO.ST,79,96,95,98,91,2023-05-02T10:29:59Z
Cadeler A/S,CADLRO,CADLRO.ST,93,82,90,81,91,2023-05-02T10:29:59Z
Systemair Ab,SYSR,SYSR.ST,71,81,92,80,91,2023-05-02T10:29:59Z
Bw Lpg Limited,BWLPGO,BWLPGO.ST,69,60,38,66,91,2023-05-02T10:29:59Z
Traton Se,8TRA,8TRA.ST,88,93,95,95,91,2023-05-02T10:29:59Z
Solid Forsakringsaktiebolag,SFAB,SFAB.ST,55,51,77,47,90,2023-05-02T10:29:59Z
Kindred Group Plc,KIND_SDB,KIND-SDB.ST,73,86,78,70,90,2023-05-02T10:29:59Z
Scandi Standard Ab,SCST,SCST.ST,66,72,54,67,90,2023-05-02T10:29:59Z
Alfa Laval Ab,ALFA,ALFA.ST,64,83,87,84,90,2023-05-02T10:29:59Z
Endur Asa,ENDURO,ENDURO.ST,98,96,86,45,90,2023-05-02T10:29:59Z
Hexpol Ab Ser. B,HPOL_B,HPOL-B.ST,24,70,61,57,90,2023-05-02T10:29:59Z
Attendo Ab,ATT,ATT.ST,95,96,94,95,90,2023-05-02T10:29:59Z
Saab Ab Ser. B,SAAB_B,SAAB-B.ST,22,96,89,93,90,2023-05-02T10:29:59Z
Oncopeptides Ab,ONCO,ONCO.ST,39,74,39,40,90,2023-05-02T10:29:59Z
Loomis Ab,LOOMIS,LOOMIS.ST,21,68,57,71,89,2023-05-02T10:29:59Z
"Fagerhult, Ab",FAG,FAG.ST,72,95,94,97,89,2023-05-02T10:29:59Z
Sonetel Ab,SONE,SONE.ST,91,92,91,91,89,2023-05-02T10:29:59Z
Tietoevry Corporation,TIETOS,TIETOS.ST,55,69,78,67,89,2023-05-02T10:29:59Z
"Volvo, Ab Ser. B",VOLV_B,VOLV-B.ST,45,64,67,67,89,2023-05-02T10:29:59Z
Fortnox Ab,FNOX,FNOX.ST,60,94,92,94,89,2023-05-02T10:29:59Z
Meltwater B.v.,MWTRO,MWTRO.ST,53,64,95,84,89,2023-05-02T10:29:59Z
"Volvo, Ab Ser. A",VOLV_A,VOLV-A.ST,41,60,65,63,89,2023-05-02T10:29:59Z
Atlas Copco Ab Ser. B,ATCO_B,ATCO-B.ST,86,87,79,75,89,2023-05-02T10:29:59Z
Copperstone Resources Ab Ser. B,COPP_B,COPP-B.ST,54,47,65,68,88,2023-05-02T10:29:59Z
Addnode Group Ab Ser. B,ANOD_B,ANOD-B.ST,69,92,88,89,88,2023-05-02T10:29:59Z
Intellego Technologies Ab,INT,INT.ST,99,94,84,78,88,2023-05-02T10:29:59Z
Ncab Group Ab,NCAB,NCAB.ST,96,86,96,79,88,2023-05-02T10:29:59Z
Elekta Ab Ser. B,EKTA_B,EKTA-B.ST,76,81,92,91,88,2023-05-02T10:29:59Z
Oem International Ab Ser. B,OEM_B,OEM-B.ST,68,93,96,91,88,2023-05-02T10:29:59Z
Lagercrantz Group Ab Ser B,LAGR_B,LAGR-B.ST,60,83,87,85,88,2023-05-02T10:29:59Z
Net Insight Ab Ser. B,NETI_B,NETI-B.ST,21,20,35,29,88,2023-05-02T10:29:59Z
Gc Rieber Shipping Asa,RISHO,RISHO.ST,97,94,81,29,88,2023-05-02T10:29:59Z
Sectra Ab Ser B,SECT_B,SECT-B.ST,34,75,60,63,88,2023-05-02T10:29:59Z
Invisio Ab,IVSO,IVSO.ST,41,88,84,89,87,2023-05-02T10:29:59Z
Mycronic Ab,MYCR,MYCR.ST,14,54,69,64,87,2023-05-02T10:29:59Z
Duni Ab,DUNI,DUNI.ST,93,90,88,86,87,2023-05-02T10:29:59Z
Orron Energy Ab,ORRON,ORRON.ST,13,9,9,6,87,2023-05-02T10:29:59Z
Abb Ltd,ABB,ABB.ST,67,65,75,75,87,2023-05-02T10:29:59Z
Granges Ab,GRNG,GRNG.ST,62,84,86,76,87,2023-05-02T10:29:59Z
Firefly Ab,FIRE,FIRE.ST,14,92,85,84,87,2023-05-02T10:29:59Z
Diamyd Medical Ab Ser. B,DMYD_B,DMYD-B.ST,98,93,91,96,87,2023-05-02T10:29:59Z
Evolution Ab,EVO,EVO.ST,29,79,82,86,87,2023-05-02T10:29:59Z
Essity Ab Ser. A,ESSITY_A,ESSITY-A.ST,71,82,85,72,86,2023-05-02T10:29:59Z
G5 Entertainment Ab,G5EN,G5EN.ST,66,84,76,58,86,2023-05-02T10:29:59Z
Fractal Gaming Group Ab,FRACTL,FRACTL.ST,97,87,94,92,86,2023-05-02T10:29:59Z
Cag Group Ab,CAG,CAG.ST,93,95,91,91,86,2023-05-02T10:29:59Z
Nanexa Ab,NANEXA,NANEXA.ST,28,49,96,89,86,2023-05-02T10:29:59Z
Alleima Ab,ALLEI,ALLEI.ST,63,66,88,91,86,2023-05-02T10:29:59Z
Realfiction Holding Ab,REALFI,REALFI.ST,79,65,97,99,86,2023-05-02T10:29:59Z
New Wave Group Ab Ser. B,NEWA_B,NEWA-B.ST,91,41,86,51,86,2023-05-02T10:29:59Z
Promimic Ab,PRO,PRO.ST,99,99,94,97,86,2023-05-02T10:29:59Z
Swedish Orphan Biovitrum Ab,SOBI,SOBI.ST,58,75,78,74,86,2023-05-02T10:29:59Z
Bravida Holding Ab,BRAV,BRAV.ST,62,70,68,63,85,2023-05-02T10:29:59Z
Scandbook Holding Ab,SBOK,SBOK.ST,74,77,67,60,85,2023-05-02T10:29:59Z
Naxs Ab,NAXS,NAXS.ST,67,88,72,80,85,2023-05-02T10:29:59Z
"Hennes & Mauritz Ab, H & M Ser. B",HM_B,HM-B.ST,57,85,84,88,85,2023-05-02T10:29:59Z
Himalaya Shipping Ltd,HSHIPO,HSHIPO.ST,38,88,74,78,85,2023-05-02T10:29:59Z
Prevas Ab Ser. B,PREV_B,PREV-B.ST,68,77,83,84,85,2023-05-02T10:29:59Z
Autoliv Inc. Sdb,ALIV_SDB,ALIV-SDB.ST,23,45,49,65,85,2023-05-02T10:29:59Z
Aak Ab,AAK,AAK.ST,84,82,82,71,85,2023-05-02T10:29:59Z
Essity Ab Ser. B,ESSITY_B,ESSITY-B.ST,70,83,85,71,85,2023-05-02T10:29:59Z
Trelleborg Ab Ser. B,TREL_B,TREL-B.ST,16,57,57,59,84,2023-05-02T10:29:59Z
Kongsberg Gruppen Asa,KOGO,KOGO.ST,85,87,77,73,84,2023-05-02T10:29:59Z
Adevinta Asa,ADEO,ADEO.ST,83,49,64,80,84,2023-05-02T10:29:59Z
Afry Ab,AFRY,AFRY.ST,63,67,81,70,84,2023-05-02T10:29:59Z
Checkin.com Group Ab,CHECK,CHECK.ST,34,39,92,73,84,2023-05-02T10:29:59Z
Northern Drilling Ltd,NODLO,NODLO.ST,22,51,39,48,84,2023-05-02T10:29:59Z
Vbg Group Ab Ser. B,VBG_B,VBG-B.ST,45,83,84,80,84,2023-05-02T10:29:59Z
Abl Group Asa,ABLO,ABLO.ST,33,80,76,34,84,2023-05-02T10:29:59Z
Atea,ATEAO,ATEAO.ST,91,91,80,83,84,2023-05-02T10:29:59Z
"Industrivarden, Ab Ser. C",INDU_C,INDU-C.ST,66,73,73,72,83,2023-05-02T10:29:59Z
Ssab Ab Ser. B,SSAB_B,SSAB-B.ST,22,54,86,83,83,2023-05-02T10:29:59Z
Netmore Group Ab Ser. B,NETM_B,NETM-B.ST,87,37,29,24,83,2023-05-02T10:29:59Z
Bergman & Beving Aktiebolag Ser. B,BERG_B,BERG-B.ST,87,96,96,90,83,2023-05-02T10:29:59Z
Auriant Mining Ab,AUR,AUR.ST,63,97,86,95,83,2023-05-02T10:29:59Z
Senzagen Ab,SENZA,SENZA.ST,86,50,29,36,83,2023-05-02T10:29:59Z
Nederman Holding Ab,NMAN,NMAN.ST,88,73,82,72,83,2023-05-02T10:29:59Z
Bakkafrost P/F,BAKKAO,BAKKAO.ST,91,92,93,87,83,2023-05-02T10:29:59Z
Hms Networks Ab,HMS,HMS.ST,89,90,96,93,83,2023-05-02T10:29:59Z
Tobii Dynavox Ab,TDVOX,TDVOX.ST,82,96,90,93,83,2023-05-02T10:29:59Z
Ework Group Ab,EWRK,EWRK.ST,12,80,74,71,82,2023-05-02T10:29:59Z
Kahoot! Asa,KAHOTO,KAHOTO.ST,88,98,70,90,82,2023-05-02T10:29:59Z
Absolent Air Care Group Ab,ABSO,ABSO.ST,47,63,81,65,82,2023-05-02T10:29:59Z
Atrium Ljungberg Ab Ser. B,ATRLJ_B,ATRLJ-B.ST,86,64,71,67,82,2023-05-02T10:29:59Z
Bong Ab,BONG,BONG.ST,65,43,79,31,82,2023-05-02T10:29:59Z
Nibe Industrier Ab Ser. B,NIBE_B,NIBE-B.ST,37,63,83,74,82,2023-05-02T10:29:59Z
Arocell Ab (Publ),AROC,AROC.ST,40,23,58,45,82,2023-05-02T10:29:59Z
Boozt Ab,BOOZT,BOOZT.ST,41,37,90,48,82,2023-05-02T10:29:59Z
Astrazeneca Plc,AZN,AZN.ST,70,79,66,62,82,2023-05-02T10:29:59Z
Haypp Group Ab,HAYPP,HAYPP.ST,71,88,93,91,81,2023-05-02T10:29:59Z
Sivers Semiconductors Ab,SIVE,SIVE.ST,31,86,45,83,81,2023-05-02T10:29:59Z
Studsvik Ab,SVIK,SVIK.ST,8,34,53,48,81,2023-05-02T10:29:59Z
Investor Ab Ser. B,INVE_B,INVE-B.ST,73,75,77,73,81,2023-05-02T10:29:59Z
Dala Energi Ab,DE,DE.ST,42,47,36,57,81,2023-05-02T10:29:59Z
"Industrivarden, Ab Ser. A",INDU_A,INDU-A.ST,66,72,72,72,81,2023-05-02T10:29:59Z
Genovis Ab,GENO,GENO.ST,16,56,91,82,81,2023-05-02T10:29:59Z
Kambi Group Plc,KAMBI,KAMBI.ST,49,59,52,46,81,2023-05-02T10:29:59Z
"Skf, Ab Ser. B",SKF_B,SKF-B.ST,24,63,67,74,81,2023-05-02T10:29:59Z
Hufvudstaden Ab Ser. A,HUFV_A,HUFV-A.ST,58,46,63,45,80,2023-05-02T10:29:59Z
Addtech Ab Ser. B,ADDT_B,ADDT-B.ST,76,89,94,91,80,2023-05-02T10:29:59Z
B3 Consulting Group Ab,B3,B3.ST,7,43,52,46,80,2023-05-02T10:29:59Z
Aino Health Ab,AINO,AINO.ST,19,8,99,6,80,2023-05-02T10:29:59Z
Nordea Bank Abp,NDA_SE,NDA-SE.ST,52,48,59,51,80,2023-05-02T10:29:59Z
Wilh. Wilhelmsen Holding Asa A,WWIO,WWIO.ST,62,55,78,44,80,2023-05-02T10:29:59Z
Ssab Ab Ser. A,SSAB_A,SSAB-A.ST,24,55,87,85,80,2023-05-02T10:29:59Z
Northern Ocean Ltd.,NOLO,NOLO.ST,30,67,53,76,80,2023-05-02T10:29:59Z
Momentum Group Ab Ser. B,MMGR_B,MMGR-B.ST,77,79,91,94,80,2023-05-02T10:29:59Z
Beijer Ref Ab Ser. B,BEIJ_B,BEIJ-B.ST,25,81,56,78,80,2023-05-02T10:29:59Z
Lifco Ab Ser.b,LIFCO_B,LIFCO-B.ST,59,88,91,88,79,2023-05-02T10:29:59Z
Infrea Ab,INFREA,INFREA.ST,8,84,81,62,79,2023-05-02T10:29:59Z
Magle Chemoswed Holding Ab,MAGLE,MAGLE.ST,43,88,64,68,79,2023-05-02T10:29:59Z
Note Ab,NOTE,NOTE.ST,46,70,89,86,79,2023-05-02T10:29:59Z
Sandvik Ab,SAND,SAND.ST,34,54,76,65,79,2023-05-02T10:29:59Z
Tgs Asa,TGSO,TGSO.ST,47,73,67,86,79,2023-05-02T10:29:59Z
Beijer Alma Ab Ser. B,BEIA_B,BEIA-B.ST,81,82,92,93,79,2023-05-02T10:29:59Z
Aker Solutions Asa,AKSOO,AKSOO.ST,25,51,30,52,79,2023-05-02T10:29:59Z
Swedbank Ab Ser A,SWED_A,SWED-A.ST,64,36,59,47,79,2023-05-02T10:29:59Z
Filo Mining Corp,FIL,FIL.ST,38,45,75,38,78,2023-05-02T10:29:59Z
Ox2 Ab,OX2,OX2.ST,72,59,51,33,78,2023-05-02T10:29:59Z
Svolder Ab Ser. A,SVOL_A,SVOL-A.ST,72,74,79,55,78,2023-05-02T10:29:59Z
Vitec Software Group Ab Ser. B,VIT_B,VIT-B.ST,58,87,83,88,78,2023-05-02T10:29:59Z
Tellusgruppen Ab,TELLUS,TELLUS.ST,73,53,56,36,78,2023-05-02T10:29:59Z
Nel Asa,NELO,NELO.ST,62,41,62,54,78,2023-05-02T10:29:59Z
Norva24 Group Ab,NORVA,NORVA.ST,37,27,35,22,78,2023-05-02T10:29:59Z
Jetpak Top Holding Ab,JETPAK,JETPAK.ST,55,68,69,45,78,2023-05-02T10:29:59Z
Crunchfish Ab,CFISH,CFISH.ST,10,22,88,70,78,2023-05-02T10:29:59Z
Bure Equity Ab,BURE,BURE.ST,72,62,80,59,78,2023-05-02T10:29:59Z
Electrolux Professional Ab Ser. B,EPRO_B,EPRO-B.ST,84,89,89,90,77,2023-05-02T10:29:59Z
Pagero Group Ab,PAGERO,PAGERO.ST,76,85,81,80,77,2023-05-02T10:29:59Z
Investor Ab Ser. A,INVE_A,INVE-A.ST,70,73,74,72,77,2023-05-02T10:29:59Z
Vistin Pharma Asa,VISTNO,VISTNO.ST,77,75,60,57,77,2023-05-02T10:29:59Z
Svolder Ab Ser. B,SVOL_B,SVOL-B.ST,75,48,66,56,77,2023-05-02T10:29:59Z
Stillfront Group Ab,SF,SF.ST,79,89,53,81,77,2023-05-02T10:29:59Z
Meko Ab,MEKO,MEKO.ST,59,75,69,66,77,2023-05-02T10:29:59Z
Gaming Corps Ab,GCOR,GCOR.ST,71,67,47,72,77,2023-05-02T10:29:59Z
Seadrill Limited,SDRLO,SDRLO.ST,56,53,66,83,77,2023-05-02T10:29:59Z
"Electrolux, Ab Ser. B",ELUX_B,ELUX-B.ST,96,76,75,70,76,2023-05-02T10:29:59Z
Scandinavian Biogas Fuels Int. Ab,BIOGAS,BIOGAS.ST,85,50,91,36,76,2023-05-02T10:29:59Z
Autostore Holdings Ltd.,AUTOOO,AUTOOO.ST,61,58,64,77,76,2023-05-02T10:29:59Z
Savelend Group Ab,YIELD,YIELD.ST,39,58,41,40,76,2023-05-02T10:29:59Z
Troax Group Ab,TROAX,TROAX.ST,85,75,89,87,76,2023-05-02T10:29:59Z
Skandinaviska Enskilda Banken Ser. C,SEB_C,SEB-C.ST,36,51,53,56,76,2023-05-02T10:29:59Z
"Electrolux, Ab Ser. A",ELUX_A,ELUX-A.ST,93,47,72,60,76,2023-05-02T10:29:59Z
Itab Shop Concept Ab,ITAB,ITAB.ST,46,69,71,65,76,2023-05-02T10:29:59Z
Oneflow Ab,ONEF,ONEF.ST,37,46,56,35,76,2023-05-02T10:29:59Z
I.a.r Systems Group Ab Ser. B,IAR_B,IAR-B.ST,15,20,33,16,75,2023-05-02T10:29:59Z
Careium Ab,CARE,CARE.ST,33,99,97,98,75,2023-05-02T10:29:59Z
Train Alliance Sweden Ab Ser. B,TRAIN_B,TRAIN-B.ST,57,63,50,46,75,2023-05-02T10:29:59Z
"Lundbergforetagen Ab, L E Ser. B",LUND_B,LUND-B.ST,65,64,65,65,75,2023-05-02T10:29:59Z
Sparebank 1 Sr-Bank,SRBNKO,SRBNKO.ST,38,75,73,54,75,2023-05-02T10:29:59Z
Unlimited Travel Group Ab,UTG,UTG.ST,42,57,62,63,75,2023-05-02T10:29:59Z
Flexion Mobile Plc,FLEXM,FLEXM.ST,23,85,54,81,75,2023-05-02T10:29:59Z
Concentric Ab,COIC,COIC.ST,67,55,72,70,75,2023-05-02T10:29:59Z
Nordic Flanges Group Ab,NFGAB,NFGAB.ST,22,45,61,60,75,2023-05-02T10:29:59Z
Cinis Fertilizer Ab,CINIS,CINIS.ST,6,29,41,53,75,2023-05-02T10:29:59Z
Kongsberg Automotive Asa,KOAO,KOAO.ST,89,68,55,55,74,2023-05-02T10:29:59Z
Hexatronic Group Ab,HTRO,HTRO.ST,5,13,13,10,74,2023-05-02T10:29:59Z
Rec Silicon Asa,RECSIO,RECSIO.ST,52,74,24,69,74,2023-05-02T10:29:59Z
Skandinaviska Enskilda Banken Ser. A,SEB_A,SEB-A.ST,51,52,48,42,74,2023-05-02T10:29:59Z
Nordic Paper Holding Ab,NPAPER,NPAPER.ST,17,49,82,79,74,2023-05-02T10:29:59Z
Indutrade Ab,INDT,INDT.ST,84,72,80,71,74,2023-05-02T10:29:59Z
Moberg Pharma Ab,MOB,MOB.ST,14,33,58,61,74,2023-05-02T10:29:59Z
Concordia Maritime Ab Ser. B,CCOR_B,CCOR-B.ST,35,71,23,52,74,2023-05-02T10:29:59Z
Xbrane Biopharma Ab,XBRANE,XBRANE.ST,70,41,77,64,74,2023-05-02T10:29:59Z
Acq Bure Ab Spac,ACQ_SPAC,ACQ-SPAC.ST,62,67,63,58,73,2023-05-02T10:29:59Z
Akelius Residential Property Ab Ser. D,AKEL_D,AKEL-D.ST,42,70,58,47,73,2023-05-02T10:29:59Z
Telenor,TELO,TELO.ST,82,93,89,94,73,2023-05-02T10:29:59Z
Modern Times Group Mtg Ab Ser. B,MTG_B,MTG-B.ST,81,43,45,38,73,2023-05-02T10:29:59Z
Bufab Ab,BUFAB,BUFAB.ST,94,91,95,94,73,2023-05-02T10:29:59Z
Acroud Ab,ACROUD,ACROUD.ST,98,86,65,80,73,2023-05-02T10:29:59Z
Rejlers Ab Ser. B,REJL_B,REJL-B.ST,25,67,78,73,73,2023-05-02T10:29:59Z
Aligro Planet Acquisition Ab Spac A,APAC_SPAC_A,APAC-SPAC_A.ST,58,70,57,58,73,2023-05-02T10:29:59Z
Investment Ab Oresund,ORES,ORES.ST,61,58,59,71,73,2023-05-02T10:29:59Z
Byggmastare Anders J Ahlstrom Holding Ab,AJA_B,AJA-B.ST,53,60,67,66,72,2023-05-02T10:29:59Z
Dlaboratory Sweden Ab,DLAB,DLAB.ST,34,76,85,43,72,2023-05-02T10:29:59Z
Reach Subsea Asa,REACHO,REACHO.ST,72,73,67,60,72,2023-05-02T10:29:59Z
Bw Energy Limited,BWEO,BWEO.ST,82,50,57,56,72,2023-05-02T10:29:59Z
Hifab Group Ab Ser. B,HIFA_B,HIFA-B.ST,84,74,68,43,72,2023-05-02T10:29:59Z
Cavotec Sa,CCC,CCC.ST,83,79,30,61,72,2023-05-02T10:29:59Z
Maven Wireless Sweden Ab,MAVEN,MAVEN.ST,89,71,73,55,72,2023-05-02T10:29:59Z
Odfjell Drilling Ltd,ODLO,ODLO.ST,28,43,37,36,72,2023-05-02T10:29:59Z
Strongpoint Asa,STROO,STROO.ST,33,74,90,63,72,2023-05-02T10:29:59Z
Magnora Asa,MGNO,MGNO.ST,81,61,53,60,72,2023-05-02T10:29:59Z
Signup Software Ab,SIGNUP,SIGNUP.ST,97,91,66,84,71,2023-05-02T10:29:59Z
Orkla,ORKO,ORKO.ST,67,72,61,64,71,2023-05-02T10:29:59Z
Zinzino Ab Ser. B,ZZ_B,ZZ-B.ST,58,99,93,98,71,2023-05-02T10:29:59Z
Upsales Technology Ab,UPSALE,UPSALE.ST,10,21,26,22,71,2023-05-02T10:29:59Z
Norske Skog Asa,NSKOGO,NSKOGO.ST,26,17,42,17,71,2023-05-02T10:29:59Z
Cyxone Ab,CYXO,CYXO.ST,97,93,60,92,71,2023-05-02T10:29:59Z
Belships Asa,BELCOO,BELCOO.ST,52,93,86,92,71,2023-05-02T10:29:59Z
Ctt Systems Ab,CTT,CTT.ST,75,35,43,42,71,2023-05-02T10:29:59Z
Petronor E&P Asa,PNORO,PNORO.ST,89,62,55,67,71,2023-05-02T10:29:59Z
Borregaard Asa,BRGO,BRGO.ST,67,85,83,65,70,2023-05-02T10:29:59Z
Svenska Handelsbanken Ser. B,SHB_B,SHB-B.ST,42,32,39,34,70,2023-05-02T10:29:59Z
Dnb Bank Asa,DNBO,DNBO.ST,54,61,54,40,70,2023-05-02T10:29:59Z
Besqab Ab Bta,BESQ_BTA,BESQ-BTA.ST,49,62,50,50,70,2023-05-02T10:29:59Z
Tbd30 Ab Ser. A,TBD30_A,TBD30-A.ST,44,55,56,53,70,2023-05-02T10:29:59Z
Epiroc Ab Ser. B,EPI_B,EPI-B.ST,50,61,69,54,70,2023-05-02T10:29:59Z
Millicom International Cellular S.a. Sdb,TIGO_SDB,TIGO-SDB.ST,23,60,90,89,70,2023-05-02T10:29:59Z
Eastnine Ab,EAST,EAST.ST,46,22,44,20,70,2023-05-02T10:29:59Z
Christian Berner Tech Trade Ab Ser. B,CBTT_B,CBTT-B.ST,93,90,79,78,70,2023-05-02T10:29:59Z
Epiroc Ab Ser. A,EPI_A,EPI-A.ST,47,62,73,61,70,2023-05-02T10:29:59Z
Arise Ab,ARISE,ARISE.ST,56,77,60,64,69,2023-05-02T10:29:59Z
Ortivus Ab Ser. A,ORTI_A,ORTI-A.ST,77,68,41,26,69,2023-05-02T10:29:59Z
Image Systems Ab,IS,IS.ST,11,28,68,32,69,2023-05-02T10:29:59Z
"Skf, Ab Ser. A",SKF_A,SKF-A.ST,24,61,61,71,69,2023-05-02T10:29:59Z
Norsk Hydro,NHYO,NHYO.ST,57,52,75,59,69,2023-05-02T10:29:59Z
Mildef Group Ab,MILDEF,MILDEF.ST,50,30,29,26,69,2023-05-02T10:29:59Z
Medicover Ab Ser. B,MCOV_B,MCOV-B.ST,49,53,76,78,69,2023-05-02T10:29:59Z
International Petroleum Corporation,IPCO,IPCO.ST,26,32,26,21,69,2023-05-02T10:29:59Z
Creaspac Ab Spac,CPAC_SPAC,CPAC-SPAC.ST,48,59,57,51,69,2023-05-02T10:29:59Z
Hilbert Group Ab Ser. B,HILB_B,HILB-B.ST,56,100,100,100,68,2023-05-02T10:29:59Z
Malmbergs Elektriska Ab Ser. B,MEAB_B,MEAB-B.ST,35,64,62,60,68,2023-05-02T10:29:59Z
Tradedoubler Ab,TRAD,TRAD.ST,31,68,66,87,68,2023-05-02T10:29:59Z
Storebrand,STBO,STBO.ST,71,46,54,40,68,2023-05-02T10:29:59Z
Bio-Works Technologies Ab,BIOWKS,BIOWKS.ST,11,21,36,20,68,2023-05-02T10:29:59Z
Green Landscaping Group Ab,GREEN,GREEN.ST,58,79,88,87,68,2023-05-02T10:29:59Z
Yara International,YARO,YARO.ST,29,57,42,49,68,2023-05-02T10:29:59Z
Surgical Science Sweden Ab,SUS,SUS.ST,83,91,73,70,68,2023-05-02T10:29:59Z
Assa Abloy Ab Ser. B,ASSA_B,ASSA-B.ST,40,59,61,62,68,2023-05-02T10:29:59Z
Acousort Ab,ACOU,ACOU.ST,63,86,61,67,67,2023-05-02T10:29:59Z
Scandic Hotels Group Ab,SHOT,SHOT.ST,72,54,58,72,67,2023-05-02T10:29:59Z
Sweco Ab Ser. B,SWEC_B,SWEC-B.ST,57,87,95,90,67,2023-05-02T10:29:59Z
Medivir Ab Ser. B,MVIR_B,MVIR-B.ST,25,34,44,19,67,2023-05-02T10:29:59Z
Novotek Ab Ser. B,NTEK_B,NTEK-B.ST,80,94,85,88,67,2023-05-02T10:29:59Z
Sagax Ab B,SAGA_B,SAGA-B.ST,55,52,69,54,67,2023-05-02T10:29:59Z
Resqunit Ab,RESQ,RESQ.ST,75,73,33,62,67,2023-05-02T10:29:59Z
Alimak Group Ab,ALIG,ALIG.ST,63,89,91,90,67,2023-05-02T10:29:59Z
Sweco Ab Ser. A,SWEC_A,SWEC-A.ST,64,88,86,91,67,2023-05-02T10:29:59Z
Skane-Mollan Ab,SKMO,SKMO.ST,25,66,47,43,67,2023-05-02T10:29:59Z
Organoclick Ab,ORGC,ORGC.ST,96,95,93,97,66,2023-05-02T10:29:59Z
Africa Oil Corp.,AOI,AOI.ST,12,47,21,56,66,2023-05-02T10:29:59Z
Micro Systemation Ab B,MSAB_B,MSAB-B.ST,84,94,74,78,66,2023-05-02T10:29:59Z
Ngenic Ab,NGENIC,NGENIC.ST,92,24,30,13,66,2023-05-02T10:29:59Z
Traction Ab Ser. B,TRAC_B,TRAC-B.ST,74,82,84,83,66,2023-05-02T10:29:59Z
Rana Gruber Asa,RANAO,RANAO.ST,49,72,87,74,66,2023-05-02T10:29:59Z
Alligo Ab Ser. B,ALLIGO_B,ALLIGO-B.ST,35,92,87,93,66,2023-05-02T10:29:59Z
Equinor Asa,EQNRO,EQNRO.ST,56,67,26,28,66,2023-05-02T10:29:59Z
Linc Ab,LINC,LINC.ST,71,36,66,62,66,2023-05-02T10:29:59Z
Vo2 Cap Holding Ab,VO2,VO2.ST,68,79,56,85,65,2023-05-02T10:29:59Z
Schibsted Asa Ser. A,SCHAO,SCHAO.ST,21,43,73,51,65,2023-05-02T10:29:59Z
Sagax Ab A,SAGA_A,SAGA-A.ST,66,49,72,51,65,2023-05-02T10:29:59Z
Drillcon Ab,DRIL,DRIL.ST,74,70,78,71,65,2023-05-02T10:29:59Z
Multiconsult Asa,MULTIO,MULTIO.ST,78,81,70,69,65,2023-05-02T10:29:59Z
Catella Ab Ser. A,CAT_A,CAT-A.ST,48,64,35,52,65,2023-05-02T10:29:59Z
Scandidos Ab,SDOS,SDOS.ST,78,48,48,44,65,2023-05-02T10:29:59Z
Hexagon Purus Asa,HPURO,HPURO.ST,32,53,44,42,65,2023-05-02T10:29:59Z
Mendus Ab,IMMU,IMMU.ST,99,11,43,16,65,2023-05-02T10:29:59Z
Nordic Asia Investment Group 1987 Ab B,NAIG_B,NAIG-B.ST,29,36,76,57,64,2023-05-02T10:29:59Z
Medistim Asa,MEDIO,MEDIO.ST,80,93,75,79,64,2023-05-02T10:29:59Z
Academedia Ab,ACAD,ACAD.ST,51,72,63,75,64,2023-05-02T10:29:59Z
Freemelt Holding Ab,FREEM,FREEM.ST,37,97,52,77,64,2023-05-02T10:29:59Z
Codemill Ab,CDMIL,CDMIL.ST,17,90,57,82,64,2023-05-02T10:29:59Z
Panoro Energy Asa,PENO,PENO.ST,71,54,30,53,64,2023-05-02T10:29:59Z
Securitas Ab Ser. B,SECU_B,SECU-B.ST,50,53,52,56,64,2023-05-02T10:29:59Z
Pexip Holding Asa,PEXIPO,PEXIPO.ST,98,96,99,94,64,2023-05-02T10:29:59Z
Husqvarna Ab Ser. B,HUSQ_B,HUSQ-B.ST,46,64,85,77,64,2023-05-02T10:29:59Z
Wihlborgs Fastigheter Ab,WIHL,WIHL.ST,53,49,62,54,64,2023-05-02T10:29:59Z
Fenix Outdoor International Ag Ser. B,FOI_B,FOI-B.ST,34,35,42,42,63,2023-05-02T10:29:59Z
Sensys Gatso Group Ab,SENS,SENS.ST,10,32,25,28,63,2023-05-02T10:29:59Z
Sampo Plc Sdb,SAMPO_SDB,SAMPO-SDB.ST,72,53,39,41,63,2023-05-02T10:29:59Z
Husqvarna Ab Ser. A,HUSQ_A,HUSQ-A.ST,44,61,84,77,63,2023-05-02T10:29:59Z
Bjorn Borg Ab,BORG,BORG.ST,72,92,90,88,63,2023-05-02T10:29:59Z
Hexagon Ab Ser. B,HEXA_B,HEXA-B.ST,48,59,64,61,63,2023-05-02T10:29:59Z
Schibsted Ser. B,SCHBO,SCHBO.ST,13,32,62,35,63,2023-05-02T10:29:59Z
Wise Group Ab,WISE,WISE.ST,85,97,87,96,63,2023-05-02T10:29:59Z
Hansa Biopharma Ab,HNSA,HNSA.ST,48,27,40,52,63,2023-05-02T10:29:59Z
Elos Medtech Ab Ser. B,ELOS_B,ELOS-B.ST,85,36,36,43,62,2023-05-02T10:29:59Z
Getinge Ab Ser. B,GETI_B,GETI-B.ST,54,83,65,76,62,2023-05-02T10:29:59Z
Modern Ekonomi Sverige Holding Ab,ME,ME.ST,53,97,80,75,62,2023-05-02T10:29:59Z
Svenska Handelsbanken Ser. A,SHB_A,SHB-A.ST,43,29,33,26,62,2023-05-02T10:29:59Z
Contextvision Ab,CONTXO,CONTXO.ST,90,77,63,66,62,2023-05-02T10:29:59Z
Vitrolife Ab,VITR,VITR.ST,74,69,83,82,62,2023-05-02T10:29:59Z
Alzinova Ab,ALZ,ALZ.ST,7,10,75,35,62,2023-05-02T10:29:59Z
Nordnet Ab,SAVE,SAVE.ST,21,44,69,54,62,2023-05-02T10:29:59Z
Rottneros Ab,RROS,RROS.ST,4,30,40,48,62,2023-05-02T10:29:59Z
Elicera Therapeutics Ab,ELIC,ELIC.ST,53,66,35,35,62,2023-05-02T10:29:59Z
Boliden Ab,BOL,BOL.ST,18,22,64,36,61,2023-05-02T10:29:59Z
Catella Ab Ser. B,CAT_B,CAT-B.ST,44,45,33,39,61,2023-05-02T10:29:59Z
Lime Technologies Ab,LIME,LIME.ST,80,74,71,62,61,2023-05-02T10:29:59Z
Exsitec Holding Ab,EXS,EXS.ST,94,90,81,90,61,2023-05-02T10:29:59Z
Mangold Ab,MANG,MANG.ST,26,60,33,42,61,2023-05-02T10:29:59Z
Creades Ab A,CRED_A,CRED-A.ST,68,50,68,62,61,2023-05-02T10:29:59Z
Havsfrun Investment Ab Ser. B,HAV_B,HAV-B.ST,37,40,78,79,61,2023-05-02T10:29:59Z
Bouvet Asa,BOUVO,BOUVO.ST,76,77,74,59,61,2023-05-02T10:29:59Z
Mag Interactive Ab,MAGI,MAGI.ST,68,38,15,12,61,2023-05-02T10:29:59Z
Pandox Ab Ser. B,PNDX_B,PNDX-B.ST,27,31,32,55,60,2023-05-02T10:29:59Z
Cloetta Ab Ser. B,CLA_B,CLA-B.ST,55,64,59,59,60,2023-05-02T10:29:59Z
Instalco Ab,INSTAL,INSTAL.ST,79,94,67,90,60,2023-05-02T10:29:59Z
Vertiseit Ab Ser. B,VERT_B,VERT-B.ST,41,43,80,40,60,2023-05-02T10:29:59Z
Sagax Ab D,SAGA_D,SAGA-D.ST,65,54,52,51,60,2023-05-02T10:29:59Z
Clavister Holding Ab,CLAV,CLAV.ST,57,91,85,93,60,2023-05-02T10:29:59Z
Asarina Pharma Ab,ASAP,ASAP.ST,1,99,95,95,60,2023-05-02T10:29:59Z
Nykode Therapeutics Asa,NYKDO,NYKDO.ST,86,33,41,23,60,2023-05-02T10:29:59Z
Ogunsen Ab Ser. B,OGUN_B,OGUN-B.ST,75,75,60,58,60,2023-05-02T10:29:59Z
Lundin Mining Corporation,LUMI,LUMI.ST,87,62,83,81,59,2023-05-02T10:29:59Z
Axfood Ab,AXFO,AXFO.ST,49,56,41,31,59,2023-05-02T10:29:59Z
Corline Biomedical Ab,CLBIO,CLBIO.ST,90,83,80,68,59,2023-05-02T10:29:59Z
Fastighetsbolaget Emilshus Ab Ser. B,EMIL_B,EMIL-B.ST,64,31,42,34,59,2023-05-02T10:29:59Z
Kinnevik Ab Ser. B,KINV_B,KINV-B.ST,82,71,78,75,59,2023-05-02T10:29:59Z
Skanska Ab Ser. B,SKA_B,SKA-B.ST,69,42,48,49,59,2023-05-02T10:29:59Z
Kakel Max Ab,KAKEL,KAKEL.ST,24,50,45,37,59,2023-05-02T10:29:59Z
Modern Times Group Mtg Ab Ser. A,MTG_A,MTG-A.ST,85,47,60,39,59,2023-05-02T10:29:59Z
Transtema Group Ab,TRANS,TRANS.ST,53,40,63,62,59,2023-05-02T10:29:59Z
Nanocap Group Ab Ser. B,NANOC_B,NANOC-B.ST,55,37,34,30,59,2023-05-02T10:29:59Z
Railcare Group Ab,RAIL,RAIL.ST,47,33,39,29,58,2023-05-02T10:29:59Z
Raketech Group Holding Plc,RAKE,RAKE.ST,46,66,51,56,58,2023-05-02T10:29:59Z
Elmera Group Asa,ELMRAO,ELMRAO.ST,95,90,68,79,58,2023-05-02T10:29:59Z
Elanders Ab Ser. B,ELAN_B,ELAN-B.ST,7,18,32,27,58,2023-05-02T10:29:59Z
Okea Asa,OKEAO,OKEAO.ST,72,51,21,41,58,2023-05-02T10:29:59Z
Xspray Pharma Ab,XSPRAY,XSPRAY.ST,4,22,34,28,58,2023-05-02T10:29:59Z
Vicore Pharma Holding Ab,VICO,VICO.ST,88,88,19,75,58,2023-05-02T10:29:59Z
Gapwaves Ab B,GAPW_B,GAPW-B.ST,33,43,66,39,58,2023-05-02T10:29:59Z
Kalleback Property Invest Ab,KAPIAB,KAPIAB.ST,43,56,51,54,58,2023-05-02T10:29:59Z
Biogaia Ab Ser. B,BIOG_B,BIOG-B.ST,86,82,74,83,57,2023-05-02T10:29:59Z
Tele2 Ab Ser. A,TEL2_A,TEL2-A.ST,91,73,79,87,57,2023-05-02T10:29:59Z
Moment Group Ab,MOMENT,MOMENT.ST,42,81,84,81,57,2023-05-02T10:29:59Z
Lyko Group Ab Ser. A,LYKO_A,LYKO-A.ST,75,46,58,64,57,2023-05-02T10:29:59Z
Hoist Finance Ab,HOFI,HOFI.ST,90,25,51,28,57,2023-05-02T10:29:59Z
Tagmaster Ab Ser. B,TAGM_B,TAGM-B.ST,53,80,81,88,57,2023-05-02T10:29:59Z
Nosa Plugs Ab,NOSA,NOSA.ST,6,42,92,96,57,2023-05-02T10:29:59Z
Nitro Games Oyj,NITRO,NITRO.ST,97,71,34,45,57,2023-05-02T10:29:59Z
Vastra Hamnen Corporate Finance Ab,VH,VH.ST,94,83,91,78,57,2023-05-02T10:29:59Z
Nokia Corporation,NOKIA_SEK,NOKIA-SEK.ST,13,38,37,34,57,2023-05-02T10:29:59Z
Lucara Diamond Corp,LUC,LUC.ST,40,27,36,55,56,2023-05-02T10:29:59Z
Kebni Ab Ser. B,KEBNI_B,KEBNI-B.ST,65,91,77,86,56,2023-05-02T10:29:59Z
Arcoma Ab,ARCOMA,ARCOMA.ST,18,44,54,58,56,2023-05-02T10:29:59Z
Bilia Ab Ser. A,BILI_A,BILI-A.ST,19,53,48,52,56,2023-05-02T10:29:59Z
Hofseth Biocare Asa,HBCO,HBCO.ST,92,78,55,71,56,2023-05-02T10:29:59Z
Kabe Group Ab Ser. B,KABE_B,KABE-B.ST,39,51,50,50,56,2023-05-02T10:29:59Z
Eniro Group Ab,ENRO,ENRO.ST,40,59,23,37,56,2023-05-02T10:29:59Z
High Coast Distillery Ab Ser. B,HIGHCO_B,HIGHCO-B.ST,49,70,53,53,56,2023-05-02T10:29:59Z
Toleranzia Ab,TOL,TOL.ST,41,19,49,23,56,2023-05-02T10:29:59Z
Ncc Ab Ser. A,NCC_A,NCC-A.ST,90,63,34,53,55,2023-05-02T10:29:59Z
Stille Ab,STIL,STIL.ST,82,65,43,52,55,2023-05-02T10:29:59Z
Generic Sweden Ab,GENI,GENI.ST,64,93,75,89,55,2023-05-02T10:29:59Z
Platzer Fastigheter Holding Ab Ser. B,PLAZ_B,PLAZ-B.ST,71,45,66,54,55,2023-05-02T10:29:59Z
Ddm Holding Ag,DDM,DDM.ST,9,23,25,21,55,2023-05-02T10:29:59Z
Midway Holding Ab Ser. A,MIDW_A,MIDW-A.ST,37,23,29,30,55,2023-05-02T10:29:59Z
Profoto Holding Ab,PRFO,PRFO.ST,72,73,80,51,55,2023-05-02T10:29:59Z
"Latour, Investmentab. Ser. B",LATO_B,LATO-B.ST,70,64,76,69,55,2023-05-02T10:29:59Z
Avanza Bank Holding Ab,AZA,AZA.ST,17,38,49,40,55,2023-05-02T10:29:59Z
Nolato Ab Ser. B,NOLA_B,NOLA-B.ST,80,41,77,57,54,2023-05-02T10:29:59Z
Aker,AKERO,AKERO.ST,36,45,34,33,54,2023-05-02T10:29:59Z
Zordix Ab Ser. B,ZORDIX_B,ZORDIX-B.ST,32,93,56,98,54,2023-05-02T10:29:59Z
Infant Bacterial Therapeutics Ab Ser. B,IBT_B,IBT-B.ST,68,52,37,44,54,2023-05-02T10:29:59Z
Brilliant Future Ab,BRILL,BRILL.ST,55,64,61,63,54,2023-05-02T10:29:59Z
Nilsson Special Vehicles Ab,NILS,NILS.ST,35,49,45,57,54,2023-05-02T10:29:59Z
2020 Bulkers Ltd.,2020O,2020O.ST,33,67,77,55,54,2023-05-02T10:29:59Z
Guideline Geo Ab,GGEO,GGEO.ST,40,39,41,22,54,2023-05-02T10:29:59Z
Dometic Group Ab,DOM,DOM.ST,93,77,68,61,54,2023-05-02T10:29:59Z
Diadrom Holding Ab,DIAH,DIAH.ST,40,45,57,55,54,2023-05-02T10:29:59Z
Arctic Minerals Ab,ARCT,ARCT.ST,45,26,46,56,53,2023-05-02T10:29:59Z
Dios Fastigheter Ab,DIOS,DIOS.ST,70,47,46,43,53,2023-05-02T10:29:59Z
Thule Group Ab,THULE,THULE.ST,84,84,83,89,53,2023-05-02T10:29:59Z
Idun Industrier Ab Ser. B,IDUN_B,IDUN-B.ST,55,65,50,73,53,2023-05-02T10:29:59Z
Synact Pharma Ab,SYNACT,SYNACT.ST,75,47,65,41,53,2023-05-02T10:29:59Z
Lipigon Pharmaceuticals Ab Btu,LPGO_BTU,LPGO-BTU.ST,9,30,28,24,53,2023-05-02T10:29:59Z
Arla Plast Ab,ARPL,ARPL.ST,38,55,43,49,53,2023-05-02T10:29:59Z
Tele2 Ab Ser. B,TEL2_B,TEL2-B.ST,75,88,72,85,53,2023-05-02T10:29:59Z
Qliro Ab,QLIRO,QLIRO.ST,91,75,70,75,53,2023-05-02T10:29:59Z
Tobii Ab,TOBII,TOBII.ST,41,68,73,85,52,2023-05-02T10:29:59Z
Link Prop Investment Ab,LINKAB,LINKAB.ST,45,42,61,47,52,2023-05-02T10:29:59Z
Simris Group Ab Ser. B,SIMRIS_B,SIMRIS-B.ST,4,25,85,94,52,2023-05-02T10:29:59Z
Midway Holding Ab Ser. B,MIDW_B,MIDW-B.ST,24,14,26,25,52,2023-05-02T10:29:59Z
Premium Snacks Nordic Ab,SNX,SNX.ST,78,86,56,56,52,2023-05-02T10:29:59Z
Ncc Ab Ser. B,NCC_B,NCC-B.ST,85,58,49,55,52,2023-05-02T10:29:59Z
New Nordic Healthbrands Ab,NNH,NNH.ST,16,78,62,54,52,2023-05-02T10:29:59Z
Viaplay Group Ab Ser. A,VPLAY_A,VPLAY-A.ST,47,66,87,92,52,2023-05-02T10:29:59Z
Karnov Group Ab,KAR,KAR.ST,61,44,40,38,52,2023-05-02T10:29:59Z
Combigene Ab,COMBI,COMBI.ST,38,26,31,18,51,2023-05-02T10:29:59Z
Tomra Systems,TOMO,TOMO.ST,36,40,48,50,51,2023-05-02T10:29:59Z
Bokusgruppen Ab,BOKUS,BOKUS.ST,67,60,40,45,51,2023-05-02T10:29:59Z
Empir Group Ab Ser. B,EMPIR_B,EMPIR-B.ST,30,85,97,99,51,2023-05-02T10:29:59Z
Af Gruppen Asa,AFGO,AFGO.ST,66,76,59,64,51,2023-05-02T10:29:59Z
Dno Asa,DNOO,DNOO.ST,73,33,24,28,51,2023-05-02T10:29:59Z
Wyld Networks Ab,WYLD,WYLD.ST,20,42,26,23,51,2023-05-02T10:29:59Z
Stendorren Fastigheter Ab Ser. B,STEF_B,STEF-B.ST,92,63,49,49,51,2023-05-02T10:29:59Z
Arion Banki Hf Sdb,ARION_SDB,ARION-SDB.ST,47,50,33,39,51,2023-05-02T10:29:59Z
Kinnevik Ab Ser. A,KINV_A,KINV-A.ST,73,75,79,79,51,2023-05-02T10:29:59Z
Swedish Logistic Property Ab Ser. B,SLP_B,SLP-B.ST,78,54,50,64,50,2023-05-02T10:29:59Z
Viaplay Group Ab Ser. B,VPLAY_B,VPLAY-B.ST,43,61,84,87,50,2023-05-02T10:29:59Z
Binero Group Ab,BINERO,BINERO.ST,18,54,56,48,50,2023-05-02T10:29:59Z
Golden Ocean Group Limited,GOGLO,GOGLO.ST,35,62,54,74,50,2023-05-02T10:29:59Z
Circhem Ab,CIRCHE,CIRCHE.ST,84,90,94,9,50,2023-05-02T10:29:59Z
Zalaris Asa,ZALO,ZALO.ST,79,98,95,96,50,2023-05-02T10:29:59Z
Sintercast Ab,SINT,SINT.ST,30,48,42,33,50,2023-05-02T10:29:59Z
Formpipe Software Ab,FPIP,FPIP.ST,59,89,65,78,50,2023-05-02T10:29:59Z
Acarix Ab,ACARIX,ACARIX.ST,90,99,29,98,50,2023-05-02T10:29:59Z
Gabather Ab,GABA,GABA.ST,99,87,73,58,49,2023-05-02T10:29:59Z
Catena Ab,CATE,CATE.ST,49,39,51,47,49,2023-05-02T10:29:59Z
Knowit Ab,KNOW,KNOW.ST,90,86,62,74,49,2023-05-02T10:29:59Z
Shamaran Petroleum Corp,SNM,SNM.ST,37,17,12,16,49,2023-05-02T10:29:59Z
Norwegian Air Shuttle Asa,NASO,NASO.ST,43,77,79,92,49,2023-05-02T10:29:59Z
Sileon Ab,SILEON,SILEON.ST,19,15,32,38,49,2023-05-02T10:29:59Z
Tf Bank Ab,TFBANK,TFBANK.ST,64,26,30,20,49,2023-05-02T10:29:59Z
Inwido Ab,INWI,INWI.ST,28,51,64,42,49,2023-05-02T10:29:59Z
Nordisk Bergteknik Ab Ser. B,NORB_B,NORB-B.ST,47,84,46,89,49,2023-05-02T10:29:59Z
Ziccum Ab,ZICC,ZICC.ST,34,98,98,99,49,2023-05-02T10:29:59Z
Elkem Asa,ELKO,ELKO.ST,12,29,33,24,48,2023-05-02T10:29:59Z
H&D Wireless Sweden Holding Ab Ser. B,HDW_B,HDW-B.ST,5,5,10,4,48,2023-05-02T10:29:59Z
Eagle Filters Group Plc,EAGLES,EAGLES.ST,97,37,22,34,48,2023-05-02T10:29:59Z
Viva Wine Group Ab,VIVA,VIVA.ST,48,46,39,34,48,2023-05-02T10:29:59Z
Ossdsign Ab,OSSD,OSSD.ST,46,32,78,30,48,2023-05-02T10:29:59Z
Mowi Asa,MOWIO,MOWIO.ST,79,80,86,78,48,2023-05-02T10:29:59Z
Eolus Vind Ab Ser. B,EOLU_B,EOLU-B.ST,53,16,13,17,48,2023-05-02T10:29:59Z
Duroc Ab Ser. B,DURC_B,DURC-B.ST,64,58,57,46,48,2023-05-02T10:29:59Z
Byggfakta Group Nordic Holdco Ab,BFG,BFG.ST,75,53,82,33,48,2023-05-02T10:29:59Z
"Fm Mattsson Mora Group Ab, Ser. B",FMM_B,FMM-B.ST,48,41,51,37,47,2023-05-02T10:29:59Z
Embracer Group Ab Ser. B,EMBRAC_B,EMBRAC-B.ST,82,79,46,65,47,2023-05-02T10:29:59Z
Soltech Energy Sweden Ab,SOLT,SOLT.ST,31,97,71,93,47,2023-05-02T10:29:59Z
Philly Shipyard Asa,PHLYO,PHLYO.ST,52,55,43,50,47,2023-05-02T10:29:59Z
Eqt Ab,EQT,EQT.ST,76,49,50,44,47,2023-05-02T10:29:59Z
Clemondo Group Ab,CLEM,CLEM.ST,70,36,64,68,47,2023-05-02T10:29:59Z
Ambea Ab,AMBEA,AMBEA.ST,81,57,35,29,47,2023-05-02T10:29:59Z
Mips Ab,MIPS,MIPS.ST,76,95,93,84,47,2023-05-02T10:29:59Z
Logistea Ab Ser. B,LOGI_B,LOGI-B.ST,36,29,50,60,47,2023-05-02T10:29:59Z
Sleep Cycle Ab,SLEEP,SLEEP.ST,32,55,74,38,46,2023-05-02T10:29:59Z
Ferroamp Ab,FERRO,FERRO.ST,15,44,36,69,46,2023-05-02T10:29:59Z
Fastpartner Ab Ser. A,FPAR_A,FPAR-A.ST,67,17,34,30,46,2023-05-02T10:29:59Z
Collector Bank Ab,COLL,COLL.ST,15,29,69,25,46,2023-05-02T10:29:59Z
Prostalund Ab,PLUN,PLUN.ST,42,56,41,41,46,2023-05-02T10:29:59Z
Edda Wind Asa,EWINDO,EWINDO.ST,5,19,22,50,46,2023-05-02T10:29:59Z
4c Group Ab,4C,4C.ST,44,28,20,24,46,2023-05-02T10:29:59Z
Aker Bp Asa,AKRBPO,AKRBPO.ST,59,33,23,22,46,2023-05-02T10:29:59Z
Ortivus Ab Ser. B,ORTI_B,ORTI-B.ST,20,35,32,23,46,2023-05-02T10:29:59Z
Photocat A/S,PCAT,PCAT.ST,67,43,54,43,46,2023-05-02T10:29:59Z
Nexam Chemical Holding Ab,NEXAM,NEXAM.ST,32,36,40,27,45,2023-05-02T10:29:59Z
Svenska Cellulosa Ab Sca Ser. A,SCA_A,SCA-A.ST,54,57,57,61,45,2023-05-02T10:29:59Z
Qiiwi Games Ab,QIIWI,QIIWI.ST,76,30,38,30,45,2023-05-02T10:29:59Z
Bts Group Ab Ser. B,BTS_B,BTS-B.ST,45,28,48,40,45,2023-05-02T10:29:59Z
Svenska Cellulosa Ab Sca Ser. B,SCA_B,SCA-B.ST,63,57,63,61,45,2023-05-02T10:29:59Z
Svedbergs I Dalstorp Ab Ser. B,SVED_B,SVED-B.ST,84,97,88,94,45,2023-05-02T10:29:59Z
Q-Free Asa,QFRO,QFRO.ST,37,44,45,44,45,2023-05-02T10:29:59Z
Nordic Waterproofing Holding Ab,NWG,NWG.ST,10,30,46,37,45,2023-05-02T10:29:59Z
"Ericsson, Telefonab. L M Ser. A",ERIC_A,ERIC-A.ST,32,46,44,38,45,2023-05-02T10:29:59Z
Heliospectra Ab,HELIO,HELIO.ST,65,40,69,72,44,2023-05-02T10:29:59Z
Fastpartner Ab Ser. D,FPAR_D,FPAR-D.ST,60,27,38,29,44,2023-05-02T10:29:59Z
Modus Therapeutics Holding Ab,MODTX,MODTX.ST,41,29,70,28,44,2023-05-02T10:29:59Z
Np3 Fastigheter Ab,NP3,NP3.ST,70,33,58,46,44,2023-05-02T10:29:59Z
Eltel Ab,ELTEL,ELTEL.ST,66,44,71,58,44,2023-05-02T10:29:59Z
Volati Ab,VOLO,VOLO.ST,77,57,55,73,44,2023-05-02T10:29:59Z
Cortus Energy Ab,CE,CE.ST,11,24,17,28,44,2023-05-02T10:29:59Z
Fram Skandinavien Ab Ser. B,FRAM_B,FRAM-B.ST,56,32,31,27,44,2023-05-02T10:29:59Z
Flat Capital Ab Ser. B,FLAT_B,FLAT-B.ST,96,80,61,68,44,2023-05-02T10:29:59Z
Ovzon Ab,OVZON,OVZON.ST,35,12,34,9,43,2023-05-02T10:29:59Z
Agtira Ab Ser. B,AGTIRA_B,AGTIRA-B.ST,36,13,19,14,43,2023-05-02T10:29:59Z
Jm Ab,JM,JM.ST,36,22,47,38,43,2023-05-02T10:29:59Z
Wallenstam Ab Ser. B,WALL_B,WALL-B.ST,51,29,48,32,43,2023-05-02T10:29:59Z
Advenica Ab,ADVE,ADVE.ST,83,63,58,44,43,2023-05-02T10:29:59Z
Kontigo Care Ab,KONT,KONT.ST,29,60,44,44,43,2023-05-02T10:29:59Z
Netel Holding Ab,NETEL,NETEL.ST,88,71,49,45,43,2023-05-02T10:29:59Z
Lauritz.com Group A/S,LAUR,LAUR.ST,18,69,24,76,43,2023-05-02T10:29:59Z
Airthings Asa,AIRXO,AIRXO.ST,1,7,11,50,43,2023-05-02T10:29:59Z
Coor Service Management Holding Ab,COOR,COOR.ST,36,56,67,51,43,2023-05-02T10:29:59Z
Re:newcell Ab,RENEW,RENEW.ST,48,28,91,69,42,2023-05-02T10:29:59Z
Acrinova Ab Ser. B,ACRI_B,ACRI-B.ST,76,46,54,41,42,2023-05-02T10:29:59Z
Doro Ab,DORO,DORO.ST,74,53,38,44,42,2023-05-02T10:29:59Z
Iconovo Ab,ICO,ICO.ST,27,41,21,19,42,2023-05-02T10:29:59Z
Annehem Fastigheter Ab Ser. B,ANNE_B,ANNE-B.ST,51,32,33,43,42,2023-05-02T10:29:59Z
Ascelia Pharma Ab,ACE,ACE.ST,20,58,24,43,42,2023-05-02T10:29:59Z
Jlt Mobile Computers Ab,JLT,JLT.ST,68,71,44,61,42,2023-05-02T10:29:59Z
Triboron International Ab Ser. B,TRIBO_B,TRIBO-B.ST,59,69,64,96,42,2023-05-02T10:29:59Z
"Ericsson, Telefonab. L M Ser. B",ERIC_B,ERIC-B.ST,26,48,41,35,42,2023-05-02T10:29:59Z
Austevoll Seafood Asa,AUSSO,AUSSO.ST,80,69,87,63,41,2023-05-02T10:29:59Z
Telia Company Ab,TELIA,TELIA.ST,77,70,45,57,41,2023-05-02T10:29:59Z
Skistar Ab Ser. B,SKIS_B,SKIS-B.ST,73,84,77,75,41,2023-05-02T10:29:59Z
Neodynamics Ab,NEOD,NEOD.ST,87,13,49,86,41,2023-05-02T10:29:59Z
Holmen Ab Ser. A,HOLM_A,HOLM-A.ST,36,49,47,37,41,2023-05-02T10:29:59Z
Awardit Ab,AWRD,AWRD.ST,70,91,72,88,41,2023-05-02T10:29:59Z
Lindab International Ab,LIAB,LIAB.ST,67,76,89,85,41,2023-05-02T10:29:59Z
Lammhults Design Group Ab Ser. B,LAMM_B,LAMM-B.ST,44,76,55,63,41,2023-05-02T10:29:59Z
Billerud Aktiebolag,BILL,BILL.ST,27,27,18,18,41,2023-05-02T10:29:59Z
Flexqube Ab,FLEXQ,FLEXQ.ST,20,29,16,26,41,2023-05-02T10:29:59Z
Sdiptech Ab Ser. B,SDIP_B,SDIP-B.ST,39,46,63,54,40,2023-05-02T10:29:59Z
Sedana Medical Ab,SEDANA,SEDANA.ST,94,80,88,92,40,2023-05-02T10:29:59Z
Clas Ohlson Ab Ser. B,CLAS_B,CLAS-B.ST,51,78,54,59,40,2023-05-02T10:29:59Z
Bonasudden Holding Ab,BONAS,BONAS.ST,33,29,27,27,40,2023-05-02T10:29:59Z
Nextcell Pharma Ab,NXTCL,NXTCL.ST,52,22,20,22,40,2023-05-02T10:29:59Z
Softronic Ab Ser. B,SOF_B,SOF-B.ST,26,37,30,33,40,2023-05-02T10:29:59Z
Nivika Fastigheter Ab Ser. B,NIVI_B,NIVI-B.ST,86,44,40,53,40,2023-05-02T10:29:59Z
Initiator Pharma A/S,INIT,INIT.ST,16,39,39,36,40,2023-05-02T10:29:59Z
Active Biotech Ab,ACTI,ACTI.ST,37,31,17,27,40,2023-05-02T10:29:59Z
Cloudberry Clean Energy Asa,CLOUDO,CLOUDO.ST,10,30,29,25,39,2023-05-02T10:29:59Z
Stora Enso Oyj Ser. R,STE_R,STE-R.ST,38,40,37,33,39,2023-05-02T10:29:59Z
Entra Asa,ENTRAO,ENTRAO.ST,27,37,70,43,39,2023-05-02T10:29:59Z
Ratos Ab Ser. A,RATO_A,RATO-A.ST,41,33,28,29,39,2023-05-02T10:29:59Z
Holmen Ab Ser. B,HOLM_B,HOLM-B.ST,38,39,47,38,39,2023-05-02T10:29:59Z
Projektengagemang Sweden Ab Ser. B,PENG_B,PENG-B.ST,57,76,59,70,39,2023-05-02T10:29:59Z
Ratos Ab Ser. B,RATO_B,RATO-B.ST,83,30,32,25,39,2023-05-02T10:29:59Z
Doxa Ab,DOXA,DOXA.ST,14,41,30,47,39,2023-05-02T10:29:59Z
Abg Sundal Collier Asa,ABGO,ABGO.ST,15,40,51,42,39,2023-05-02T10:29:59Z
Safeture Ab,SFTR,SFTR.ST,57,85,93,60,38,2023-05-02T10:29:59Z
Var Energi Asa,VARO,VARO.ST,74,40,23,19,38,2023-05-02T10:29:59Z
Online Brands Nordic Ab,OBAB,OBAB.ST,80,18,19,12,38,2023-05-02T10:29:59Z
Stora Enso Oyj Ser. A,STE_A,STE-A.ST,14,27,31,29,38,2023-05-02T10:29:59Z
Litium Ab,LITI,LITI.ST,27,42,39,41,38,2023-05-02T10:29:59Z
Precomp Solutions Ab Ser. B,PCOM_B,PCOM-B.ST,99,95,53,72,38,2023-05-02T10:29:59Z
Resurs Holding Ab,RESURS,RESURS.ST,11,14,27,19,38,2023-05-02T10:29:59Z
Spectracure Ab,SPEC,SPEC.ST,91,46,77,79,38,2023-05-02T10:29:59Z
Catena Media P.l.c,CTM,CTM.ST,28,67,49,95,38,2023-05-02T10:29:59Z
Episurf Medical Ab B,EPIS_B,EPIS-B.ST,20,20,38,15,38,2023-05-02T10:29:59Z
Neola Medical Ab,NEOLA,NEOLA.ST,17,51,60,82,37,2023-05-02T10:29:59Z
Vimab Group Ab,VIMAB,VIMAB.ST,5,42,62,49,37,2023-05-02T10:29:59Z
Fabege Ab,FABG,FABG.ST,45,25,46,32,37,2023-05-02T10:29:59Z
Modelon Ab Ser. B,MODEL_B,MODEL-B.ST,41,36,28,66,37,2023-05-02T10:29:59Z
Leroy Seafood Group Asa,LSGO,LSGO.ST,89,65,83,60,37,2023-05-02T10:29:59Z
Nimbus Group Ab,BOAT,BOAT.ST,58,68,75,81,37,2023-05-02T10:29:59Z
Scandinavian Real Heart Ab,HEART,HEART.ST,74,36,25,51,37,2023-05-02T10:29:59Z
Ranlos Ab Ser. B,RLOS_B,RLOS-B.ST,3,12,16,12,37,2023-05-02T10:29:59Z
Stenhus Fastigheter I Norden Ab,SFAST,SFAST.ST,35,35,28,25,37,2023-05-02T10:29:59Z
Acconeer Ab,ACCON,ACCON.ST,30,55,37,31,36,2023-05-02T10:29:59Z
Grieg Seafood Asa,GSFO,GSFO.ST,82,68,80,70,36,2023-05-02T10:29:59Z
Chordate Medical Holding Ab,CMH,CMH.ST,18,38,11,33,36,2023-05-02T10:29:59Z
Northbaze Group Ab,NBZ,NBZ.ST,19,20,19,14,36,2023-05-02T10:29:59Z
Cedergrenska Ab,CEDER,CEDER.ST,12,40,31,48,36,2023-05-02T10:29:59Z
Goobit Group Ab,BTCX,BTCX.ST,93,94,55,93,36,2023-05-02T10:29:59Z
Duearity Ab,DEAR,DEAR.ST,88,16,75,30,36,2023-05-02T10:29:59Z
Soder Sportfiske Ab,SODER,SODER.ST,60,67,63,62,36,2023-05-02T10:29:59Z
Lyckegard Group Ab,LYGRD,LYGRD.ST,26,27,23,23,36,2023-05-02T10:29:59Z
Nicoccino Holding Ab,NICO,NICO.ST,65,78,19,76,36,2023-05-02T10:29:59Z
Embellence Group Ab,EMBELL,EMBELL.ST,75,69,52,52,35,2023-05-02T10:29:59Z
Compodium International Ab,COMPDM,COMPDM.ST,49,93,38,69,35,2023-05-02T10:29:59Z
Nyfosa Ab,NYF,NYF.ST,28,19,49,24,35,2023-05-02T10:29:59Z
Nordic Semiconductor Asa,NODO,NODO.ST,4,12,25,13,35,2023-05-02T10:29:59Z
Nordic Level Group Ab,LEVEL,LEVEL.ST,25,34,26,18,35,2023-05-02T10:29:59Z
Bioinvent International Ab,BINV,BINV.ST,49,43,22,35,35,2023-05-02T10:29:59Z
Be Group Ab,BEGR,BEGR.ST,16,66,92,86,35,2023-05-02T10:29:59Z
Genova Property Group Ab,GPG,GPG.ST,35,45,51,65,35,2023-05-02T10:29:59Z
Biotage Ab,BIOT,BIOT.ST,51,28,21,14,35,2023-05-02T10:29:59Z
Concejo Ab Ser. B,CNCJO_B,CNCJO-B.ST,69,62,52,47,34,2023-05-02T10:29:59Z
Integrum Ab Ser. B,INTEG_B,INTEG-B.ST,40,17,35,17,34,2023-05-02T10:29:59Z
Carasent Asa,CARAO,CARAO.ST,34,56,42,50,34,2023-05-02T10:29:59Z
Kiliaro Ab,KILI,KILI.ST,36,14,11,7,34,2023-05-02T10:29:59Z
C-Rad Ab Ser. B,CRAD_B,CRAD-B.ST,31,32,36,23,34,2023-05-02T10:29:59Z
Dignitana Ab,DIGN,DIGN.ST,24,28,43,28,34,2023-05-02T10:29:59Z
Orexo Ab,ORX,ORX.ST,6,12,10,9,34,2023-05-02T10:29:59Z
Mpc Container Ships Asa,MPCCO,MPCCO.ST,62,83,56,56,34,2023-05-02T10:29:59Z
Profilgruppen Ab Ser. B,PROF_B,PROF-B.ST,80,25,62,64,34,2023-05-02T10:29:59Z
Vimian Group Ab,VIMIAN,VIMIAN.ST,94,92,64,87,33,2023-05-02T10:29:59Z
Bricknode Holding Ab Ser. B,BRICK_B,BRICK-B.ST,11,70,48,97,33,2023-05-02T10:29:59Z
Bergs Timber Ab Ser. B,BRG_B,BRG-B.ST,87,81,81,84,33,2023-05-02T10:29:59Z
Castellum Ab,CAST,CAST.ST,48,31,42,41,33,2023-05-02T10:29:59Z
Aac Clyde Space Ab,AAC,AAC.ST,28,42,43,21,33,2023-05-02T10:29:59Z
Xano Industri Ab Ser. B,XANO_B,XANO-B.ST,20,18,38,21,33,2023-05-02T10:29:59Z
Scatec Asa,SCATCO,SCATCO.ST,77,26,36,25,33,2023-05-02T10:29:59Z
Smart Eye Ab,SEYE,SEYE.ST,24,59,42,81,33,2023-05-02T10:29:59Z
Synsam Ab,SYNSAM,SYNSAM.ST,65,57,27,59,33,2023-05-02T10:29:59Z
Salmar Asa,SALMO,SALMO.ST,71,69,89,82,33,2023-05-02T10:29:59Z
Tourn International Ab,TOURN,TOURN.ST,23,48,43,46,32,2023-05-02T10:29:59Z
Probi Ab,PROB,PROB.ST,55,54,32,31,32,2023-05-02T10:29:59Z
Lipum Ab,LIPUM,LIPUM.ST,22,23,17,29,32,2023-05-02T10:29:59Z
Kentima Holding Ab,KENH,KENH.ST,70,50,35,37,32,2023-05-02T10:29:59Z
Logistea Ab Ser. A,LOGI_A,LOGI-A.ST,29,16,39,66,32,2023-05-02T10:29:59Z
Nilorngruppen Ab Ser. B,NIL_B,NIL-B.ST,43,23,46,26,32,2023-05-02T10:29:59Z
Acrinova Ab Ser. A,ACRI_A,ACRI-A.ST,84,63,46,47,32,2023-05-02T10:29:59Z
Arjo Ab Ser. B,ARJO_B,ARJO-B.ST,86,81,55,75,32,2023-05-02T10:29:59Z
Bimobject Ab,BIM,BIM.ST,92,55,47,26,32,2023-05-02T10:29:59Z
Paxman Ab,PAX,PAX.ST,23,22,20,15,31,2023-05-02T10:29:59Z
Bonheur Asa,BONHRO,BONHRO.ST,23,24,21,21,31,2023-05-02T10:29:59Z
Fragbite Group Ab,FRAG,FRAG.ST,98,80,32,47,31,2023-05-02T10:29:59Z
Reato Group Ab,REATO,REATO.ST,26,60,20,17,31,2023-05-02T10:29:59Z
Elon Ab,ELON,ELON.ST,69,46,58,58,31,2023-05-02T10:29:59Z
Link Mobility Group Holding Asa,LINKO,LINKO.ST,87,72,65,81,31,2023-05-02T10:29:59Z
Pricer Ab Ser. B,PRIC_B,PRIC-B.ST,2,6,10,7,31,2023-05-02T10:29:59Z
Oxe Marine Ab,OXE,OXE.ST,36,37,27,28,31,2023-05-02T10:29:59Z
Precio Fishbone Ab Ser. B,PRCO_B,PRCO-B.ST,30,31,26,22,31,2023-05-02T10:29:59Z
Aker Carbon Capture Asa,ACCO,ACCO.ST,17,22,36,26,30,2023-05-02T10:29:59Z
Tempest Security Ab,TSEC,TSEC.ST,51,42,50,32,30,2023-05-02T10:29:59Z
Cyber Security 1 Ab,CYB1,CYB1.ST,20,14,30,21,30,2023-05-02T10:29:59Z
Bredband2 I Skandinavien Ab,BRE2,BRE2.ST,62,50,31,37,30,2023-05-02T10:29:59Z
Tethys Oil Ab,TETY,TETY.ST,31,30,23,28,30,2023-05-02T10:29:59Z
Impact Coatings Ab,IMPC,IMPC.ST,69,62,19,57,30,2023-05-02T10:29:59Z
Sinch Ab,SINCH,SINCH.ST,25,9,19,12,30,2023-05-02T10:29:59Z
Serneke Group Ab B,SRNKE_B,SRNKE-B.ST,97,84,42,84,30,2023-05-02T10:29:59Z
Anoto Group Ab,ANOT,ANOT.ST,64,52,16,53,30,2023-05-02T10:29:59Z
Solnaberg Property Ab,SOLNA,SOLNA.ST,33,16,28,18,30,2023-05-02T10:29:59Z
Vow Asa,VOWO,VOWO.ST,9,15,13,9,29,2023-05-02T10:29:59Z
Flowscape Technology Ab,FLOWS,FLOWS.ST,27,41,12,22,29,2023-05-02T10:29:59Z
Terranet Ab Ser. B,TERRNT_B,TERRNT-B.ST,20,11,25,36,29,2023-05-02T10:29:59Z
Powercell Sweden Ab,PCELL,PCELL.ST,4,9,19,14,29,2023-05-02T10:29:59Z
Crayon Group Holding Asa,CRAYNO,CRAYNO.ST,62,30,44,20,29,2023-05-02T10:29:59Z
Ll Lucky Games Ab,LADYLU,LADYLU.ST,15,95,97,79,29,2023-05-02T10:29:59Z
First Venture Sweden Ab Ser. B,FIRST_B,FIRST-B.ST,7,12,18,15,29,2023-05-02T10:29:59Z
Bactiguard Holding Ab Ser. B,BACTI_B,BACTI-B.ST,8,10,14,8,29,2023-05-02T10:29:59Z
M.o.b.a. Network Ab,MOBA,MOBA.ST,88,23,23,13,29,2023-05-02T10:29:59Z
Volvo Car Ab Ser. B,VOLCAR_B,VOLCAR-B.ST,25,24,33,27,28,2023-05-02T10:29:59Z
Nanologica Ab,NICA,NICA.ST,30,33,30,30,28,2023-05-02T10:29:59Z
Kjell Group Ab,KJELL,KJELL.ST,68,21,25,24,28,2023-05-02T10:29:59Z
Chargepanel Ab,CHARGE,CHARGE.ST,95,91,36,83,28,2023-05-02T10:29:59Z
Kopy Goldfields Ab,KOPY,KOPY.ST,42,38,52,57,28,2023-05-02T10:29:59Z
Polyplank Ab,POLY,POLY.ST,41,15,25,13,28,2023-05-02T10:29:59Z
Seafire Ab,SEAF,SEAF.ST,77,41,29,39,28,2023-05-02T10:29:59Z
Cellavision Ab,CEVI,CEVI.ST,32,17,31,20,28,2023-05-02T10:29:59Z
Alcadon Group Ab,ALCA,ALCA.ST,17,11,14,8,28,2023-05-02T10:29:59Z
Nord Insuretech Group Ab,NORDIG,NORDIG.ST,95,56,28,86,28,2023-05-02T10:29:59Z
Neobo Fastigheter Ab,NEOBO,NEOBO.ST,7,7,11,6,27,2023-05-02T10:29:59Z
Linkfire A/S,LINKFI,LINKFI.ST,19,100,100,99,27,2023-05-02T10:29:59Z
2curex Ab,2CUREX,2CUREX.ST,94,39,20,37,27,2023-05-02T10:29:59Z
Pion Group Ab Ser. B,PION_B,PION-B.ST,20,17,22,18,27,2023-05-02T10:29:59Z
Bico Group Ab,BICO,BICO.ST,91,9,87,8,27,2023-05-02T10:29:59Z
Enea Ab,ENEA,ENEA.ST,3,18,27,18,27,2023-05-02T10:29:59Z
Peab Ab Ser. B,PEAB_B,PEAB-B.ST,60,26,38,32,27,2023-05-02T10:29:59Z
Fastighets Ab Balder Ser. B,BALD_B,BALD-B.ST,78,34,58,40,27,2023-05-02T10:29:59Z
Samhallsbyggnadsbo. I Norden Ab Ser. D,SBB_D,SBB-D.ST,21,16,23,19,27,2023-05-02T10:29:59Z
Alpcot Holding Ab Ser. B,ALPCOT_B,ALPCOT-B.ST,14,23,52,19,26,2023-05-02T10:29:59Z
Karolinska Development Ab Ser.b,KDEV,KDEV.ST,30,48,29,44,26,2023-05-02T10:29:59Z
Bomill Ab,BOMILL,BOMILL.ST,54,5,16,6,26,2023-05-02T10:29:59Z
Addlife Ab Ser. B,ALIF_B,ALIF-B.ST,96,76,72,68,26,2023-05-02T10:29:59Z
Brinova Fastigheter Ab Ser. B,BRIN_B,BRIN-B.ST,61,15,28,16,26,2023-05-02T10:29:59Z
Sats Asa,SATSO,SATSO.ST,99,91,90,82,26,2023-05-02T10:29:59Z
Mentice Ab,MNTC,MNTC.ST,88,77,60,74,26,2023-05-02T10:29:59Z
Incoax Networks Ab,INCOAX,INCOAX.ST,92,79,68,70,26,2023-05-02T10:29:59Z
Truecaller Ab Ser. B,TRUE_B,TRUE-B.ST,52,31,22,39,26,2023-05-02T10:29:59Z
Fasadgruppen Group Ab,FG,FG.ST,10,21,48,20,25,2023-05-02T10:29:59Z
Strax Ab,STRAX,STRAX.ST,47,78,41,69,25,2023-05-02T10:29:59Z
Cantargia Ab,CANTA,CANTA.ST,10,52,95,99,25,2023-05-02T10:29:59Z
Jinhui Shipping And Transportation Ltd,JINO,JINO.ST,46,44,34,59,25,2023-05-02T10:29:59Z
Garo Ab,GARO,GARO.ST,59,21,20,15,25,2023-05-02T10:29:59Z
Qleanair Ab,QAIR,QAIR.ST,56,56,24,33,25,2023-05-02T10:29:59Z
Westpay Ab,WPAY,WPAY.ST,24,43,26,39,25,2023-05-02T10:29:59Z
Vef Ab,VEFAB,VEFAB.ST,90,57,28,30,25,2023-05-02T10:29:59Z
Storytel Ab Ser. B,STORY_B,STORY-B.ST,78,18,31,31,25,2023-05-02T10:29:59Z
Abliva Ab,ABLI,ABLI.ST,31,15,86,88,25,2023-05-02T10:29:59Z
Nrc Group Asa,NRCO,NRCO.ST,5,15,13,13,24,2023-05-02T10:29:59Z
Greater Than Ab,GREAT,GREAT.ST,11,17,15,12,24,2023-05-02T10:29:59Z
Enquest Plc,ENQ,ENQ.ST,21,19,14,19,24,2023-05-02T10:29:59Z
Humble Group Ab,HUMBLE,HUMBLE.ST,90,25,33,21,24,2023-05-02T10:29:59Z
Pila Pharma Ab,PILA,PILA.ST,75,74,27,34,24,2023-05-02T10:29:59Z
Kancera Ab,KAN,KAN.ST,38,49,94,96,24,2023-05-02T10:29:59Z
Nanoform Finland Oyj,NANOFS,NANOFS.ST,95,22,27,15,24,2023-05-02T10:29:59Z
Alm Equity Ab,ALM,ALM.ST,60,57,31,41,24,2023-05-02T10:29:59Z
Corem Property Group Ab Ser. D,CORE_D,CORE-D.ST,31,24,27,32,24,2023-05-02T10:29:59Z
Africa Energy Corp.,AEC,AEC.ST,19,28,7,22,23,2023-05-02T10:29:59Z
Unibap Ab,UNIBAP,UNIBAP.ST,32,38,47,69,23,2023-05-02T10:29:59Z
Fortinova Fastigheter Ab Ser. B,FNOVA_B,FNOVA-B.ST,54,34,65,30,23,2023-05-02T10:29:59Z
Mackmyra Svensk Whisky Ab B,MACK_B,MACK-B.ST,46,68,53,55,23,2023-05-02T10:29:59Z
Vnv Global Ab,VNV,VNV.ST,69,18,34,21,23,2023-05-02T10:29:59Z
Axolot Solutions Holding Ab,AXOLOT,AXOLOT.ST,6,12,8,8,23,2023-05-02T10:29:59Z
Beammwave Ab Ser. B,BEAMMW_B,BEAMMW-B.ST,52,65,45,41,23,2023-05-02T10:29:59Z
Candles Scandinavia Ab Ser. B,CANDLE_B,CANDLE-B.ST,23,21,14,11,23,2023-05-02T10:29:59Z
Enzymatica Ab,ENZY,ENZY.ST,57,14,17,10,23,2023-05-02T10:29:59Z
Gotenehus Group Ab Ser. B,GHUS_B,GHUS-B.ST,28,14,20,7,22,2023-05-02T10:29:59Z
Heba Fastighets Ab Ser. B,HEBA_B,HEBA-B.ST,73,21,37,23,22,2023-05-02T10:29:59Z
Avensia Ab,AVEN,AVEN.ST,30,13,25,15,22,2023-05-02T10:29:59Z
Misen Energy Ab,MISE,MISE.ST,15,61,44,88,22,2023-05-02T10:29:59Z
Maha Energy Ab,MAHA_A,MAHA-A.ST,35,72,23,65,22,2023-05-02T10:29:59Z
Dustin Group Ab,DUST,DUST.ST,16,62,22,27,22,2023-05-02T10:29:59Z
Kollect On Demand Holding Ab,KOLL,KOLL.ST,61,84,26,84,22,2023-05-02T10:29:59Z
Thunderful Group Ab,THUNDR,THUNDR.ST,17,76,40,68,22,2023-05-02T10:29:59Z
Sozap Ab,SOZAP,SOZAP.ST,6,25,38,20,22,2023-05-02T10:29:59Z
Fastighets Ab Trianon Ser. B,TRIAN_B,TRIAN-B.ST,79,24,45,33,22,2023-05-02T10:29:59Z
Ortoma Ab Ser. B,ORT_B,ORT-B.ST,64,5,9,86,21,2023-05-02T10:29:59Z
Mantex Ab,MANTEX,MANTEX.ST,59,34,17,36,21,2023-05-02T10:29:59Z
Permascand Top Holding Ab,PSCAND,PSCAND.ST,22,13,13,13,21,2023-05-02T10:29:59Z
Klarabo Sverige Ab Ser. B,KLARA_B,KLARA-B.ST,59,14,22,18,21,2023-05-02T10:29:59Z
Implantica Ag Sdb,IMP_A_SDB,IMP-A_SDB.ST,8,4,7,5,21,2023-05-02T10:29:59Z
Builddata Group Ab,BUILD,BUILD.ST,97,19,15,18,21,2023-05-02T10:29:59Z
Cibus Nordic Real Estate Ab,CIBUS,CIBUS.ST,42,17,20,17,21,2023-05-02T10:29:59Z
Freja Eid Group Ab,FREJA,FREJA.ST,11,66,70,97,21,2023-05-02T10:29:59Z
Th1ng Ab,TH1NG,TH1NG.ST,21,12,8,16,21,2023-05-02T10:29:59Z
Storskogen Group Ab Ser. B,STOR_B,STOR-B.ST,87,70,66,85,20,2023-05-02T10:29:59Z
Qlucore Ab,QCORE,QCORE.ST,61,15,19,14,20,2023-05-02T10:29:59Z
Botnia Exploration Holding Ab,BOTX,BOTX.ST,44,85,14,76,20,2023-05-02T10:29:59Z
Ngs Group Ab,NGS,NGS.ST,17,38,22,34,20,2023-05-02T10:29:59Z
Zignsec Ab,ZIGN,ZIGN.ST,96,28,15,24,20,2023-05-02T10:29:59Z
Hexicon Ab,HEXI,HEXI.ST,33,15,14,11,20,2023-05-02T10:29:59Z
Actic Group Ab,ATIC,ATIC.ST,46,23,15,15,20,2023-05-02T10:29:59Z
Vestum Ab,VESTUM,VESTUM.ST,86,17,35,19,20,2023-05-02T10:29:59Z
Izafe Group Ab Ser. B,IZAFE_B,IZAFE-B.ST,81,72,68,42,20,2023-05-02T10:29:59Z
Talkpool Ag,TALK,TALK.ST,58,49,20,52,20,2023-05-02T10:29:59Z
Spiffbet Ab,SPIFF,SPIFF.ST,33,9,46,30,19,2023-05-02T10:29:59Z
Mgi - Media And Games Invest Se,M8G,M8G.ST,38,20,25,14,19,2023-05-02T10:29:59Z
Expres2ion Biotech Holding Ab,EXPRS2,EXPRS2.ST,34,4,6,2,19,2023-05-02T10:29:59Z
Balco Group Ab,BALCO,BALCO.ST,69,78,44,59,19,2023-05-02T10:29:59Z
Pierce Group Ab,PIERCE,PIERCE.ST,61,62,37,45,19,2023-05-02T10:29:59Z
K-Fast Holding Ab B,KFAST_B,KFAST-B.ST,44,17,31,25,19,2023-05-02T10:29:59Z
Rugvista Group Ab,RUG,RUG.ST,56,39,78,49,19,2023-05-02T10:29:59Z
Arcario Ab,ARCA,ARCA.ST,33,35,57,64,19,2023-05-02T10:29:59Z
John Mattson Fastighetsforetagen Ab,JOMA,JOMA.ST,43,20,49,22,19,2023-05-02T10:29:59Z
Titania Holding Ab Ser. B,TITA_B,TITA-B.ST,57,42,82,42,18,2023-05-02T10:29:59Z
Klimator Ab,KLIMAT,KLIMAT.ST,77,58,9,31,18,2023-05-02T10:29:59Z
Axichem Ab Ser. A,AXIC_A,AXIC-A.ST,63,6,10,6,18,2023-05-02T10:29:59Z
Corem Property Group Ab Ser. A,CORE_A,CORE-A.ST,87,27,29,31,18,2023-05-02T10:29:59Z
Cdon Ab,CDON,CDON.ST,29,40,12,32,18,2023-05-02T10:29:59Z
Enersize Oyj,ENERS,ENERS.ST,77,19,20,4,18,2023-05-02T10:29:59Z
Qlosr Group Ab Ser. B,QLOSR_B,QLOSR-B.ST,81,74,36,66,18,2023-05-02T10:29:59Z
Ellen Ab,ELN,ELN.ST,89,9,11,7,18,2023-05-02T10:29:59Z
Acast Ab,ACAST,ACAST.ST,49,67,50,62,18,2023-05-02T10:29:59Z
Alelion Energy Systems Ab,ALELIO,ALELIO.ST,6,6,13,13,17,2023-05-02T10:29:59Z
Bonava Ab Ser. A,BONAV_A,BONAV-A.ST,32,7,12,11,17,2023-05-02T10:29:59Z
Cell Impact Ab,CI,CI.ST,14,9,13,12,17,2023-05-02T10:29:59Z
Polygiene Group Ab,POLYG,POLYG.ST,12,13,16,13,17,2023-05-02T10:29:59Z
Boule Diagnostics Ab,BOUL,BOUL.ST,58,28,55,21,17,2023-05-02T10:29:59Z
Coinshares International Ltd,CS,CS.ST,34,78,41,95,17,2023-05-02T10:29:59Z
Advanced Soltech Sweden Ab,ASAB,ASAB.ST,25,21,15,11,17,2023-05-02T10:29:59Z
Byggmax Group Ab,BMAX,BMAX.ST,13,18,17,9,17,2023-05-02T10:29:59Z
Physitrack Plc,PTRK,PTRK.ST,87,10,13,11,17,2023-05-02T10:29:59Z
Ecoclime Group Ab Ser. B,ECC_B,ECC-B.ST,56,23,21,17,17,2023-05-02T10:29:59Z
Rvrc Holding Ab,RVRC,RVRC.ST,29,26,64,24,16,2023-05-02T10:29:59Z
Safello Group Ab,SFL,SFL.ST,13,19,22,26,16,2023-05-02T10:29:59Z
Fsport Ab,FSPORT,FSPORT.ST,4,3,9,13,16,2023-05-02T10:29:59Z
Saxlund Group Ab,SAXG,SAXG.ST,74,18,18,22,16,2023-05-02T10:29:59Z
Nobia Ab,NOBI,NOBI.ST,13,33,27,14,16,2023-05-02T10:29:59Z
Clean Industry Solutions Hold Europe Ab,CISH,CISH.ST,76,81,67,77,16,2023-05-02T10:29:59Z
Intrum Ab,INTRUM,INTRUM.ST,8,12,15,14,16,2023-05-02T10:29:59Z
Serstech Ab,SERT,SERT.ST,50,83,21,92,16,2023-05-02T10:29:59Z
Leading Edge Materials Corp.,LEMSE,LEMSE.ST,51,32,47,70,16,2023-05-02T10:29:59Z
Aventura Group Ab Ser. B,AVENT_B,AVENT-B.ST,86,51,12,46,15,2023-05-02T10:29:59Z
Samhallsbyggnadsbo. I Norden Ab Ser. B,SBB_B,SBB-B.ST,9,9,18,11,15,2023-05-02T10:29:59Z
Rls Global Ab,RLS,RLS.ST,7,8,14,7,15,2023-05-02T10:29:59Z
Irras Ab,IRRAS,IRRAS.ST,6,6,11,6,15,2023-05-02T10:29:59Z
Wastbygg Gruppen Ab Ser. B,WBGR_B,WBGR-B.ST,51,30,21,16,15,2023-05-02T10:29:59Z
Scibase Holding Ab,SCIB,SCIB.ST,38,6,8,4,15,2023-05-02T10:29:59Z
Ab Fastator,FASTAT,FASTAT.ST,39,8,10,10,15,2023-05-02T10:29:59Z
Acuvi Ab,ACUVI,ACUVI.ST,27,20,15,16,15,2023-05-02T10:29:59Z
Speqta Ab,SPEQT,SPEQT.ST,95,100,98,100,15,2023-05-02T10:29:59Z
Aker Horizons Asa,AKHO,AKHO.ST,9,8,17,7,14,2023-05-02T10:29:59Z
Midsona Ab Ser. A,MSON_A,MSON-A.ST,52,28,24,38,14,2023-05-02T10:29:59Z
Luxbright Ab,LXB,LXB.ST,40,10,7,5,14,2023-05-02T10:29:59Z
Scout Gaming Group Ab,SCOUT,SCOUT.ST,26,52,84,49,14,2023-05-02T10:29:59Z
Interoil Exploration And Production Asa,IOXO,IOXO.ST,12,34,18,50,14,2023-05-02T10:29:59Z
Xintela Ab,XINT,XINT.ST,68,10,18,11,14,2023-05-02T10:29:59Z
S2medical Ab Ser. B,S2M,S2M.ST,80,45,32,73,14,2023-05-02T10:29:59Z
Godsinlosen Nordic Ab,GIAB,GIAB.ST,7,19,21,31,14,2023-05-02T10:29:59Z
Corem Property Group Ab Ser. B,CORE_B,CORE-B.ST,73,27,53,36,14,2023-05-02T10:29:59Z
Bonava Ab Ser. B,BONAV_B,BONAV-B.ST,9,7,10,8,14,2023-05-02T10:29:59Z
Clinical Laserthermia Systems Ab Ser. B,CLS_B,CLS-B.ST,14,98,59,90,13,2023-05-02T10:29:59Z
Cline Scientific Ab Ser. B,CLINE_B,CLINE-B.ST,19,6,8,10,13,2023-05-02T10:29:59Z
Climeon Ab Ser. B,CLIME_B,CLIME-B.ST,18,4,69,68,13,2023-05-02T10:29:59Z
Vivesto Ab,VIVE,VIVE.ST,99,54,14,34,13,2023-05-02T10:29:59Z
Midsummer Ab,MIDS,MIDS.ST,78,2,6,2,13,2023-05-02T10:29:59Z
Insplorion Ab,INSP,INSP.ST,62,35,22,17,13,2023-05-02T10:29:59Z
Athanase Innovation Ab,ATIN,ATIN.ST,100,33,16,20,13,2023-05-02T10:29:59Z
Alligator Bioscience Ab,ATORX,ATORX.ST,8,2,6,2,13,2023-05-02T10:29:59Z
Metacon Ab,META,META.ST,27,34,59,35,13,2023-05-02T10:29:59Z
Senzime Ab,SEZI,SEZI.ST,11,13,7,5,12,2023-05-02T10:29:59Z
Byggpartner Gruppen Ab,BYGGP,BYGGP.ST,26,38,35,35,12,2023-05-02T10:29:59Z
Twiik Ab,TWIIK,TWIIK.ST,62,51,17,33,12,2023-05-02T10:29:59Z
Ayima Group Ab Ser. B,AYIMA_B,AYIMA-B.ST,85,35,24,32,12,2023-05-02T10:29:59Z
Stayble Therapeutics Ab,STABL,STABL.ST,11,4,6,3,12,2023-05-02T10:29:59Z
Nelly Group Ab,NELLY,NELLY.ST,60,8,16,15,12,2023-05-02T10:29:59Z
Nepa Ab,NEPA,NEPA.ST,19,9,8,10,12,2023-05-02T10:29:59Z
Swedencare Ab,SECARE,SECARE.ST,99,71,37,76,12,2023-05-02T10:29:59Z
Xp Chemistries Ab,XPC,XPC.ST,16,44,43,79,12,2023-05-02T10:29:59Z
Midsona Ab Ser. B,MSON_B,MSON-B.ST,52,41,54,29,12,2023-05-02T10:29:59Z
Irlab Therapeutics Ab Ser. A,IRLAB_A,IRLAB-A.ST,21,36,4,1,11,2023-05-02T10:29:59Z
Xmreality Ab,XMR,XMR.ST,66,26,8,25,11,2023-05-02T10:29:59Z
Ekobot Ab,EKOBOT,EKOBOT.ST,16,20,8,6,11,2023-05-02T10:29:59Z
Stockwik Forvaltning Ab,STWK,STWK.ST,44,14,24,82,11,2023-05-02T10:29:59Z
Spectrumone Ab,SPEONE,SPEONE.ST,83,15,24,27,11,2023-05-02T10:29:59Z
Uswe Sports Ab,USWE,USWE.ST,43,59,30,24,11,2023-05-02T10:29:59Z
Lohilo Foods Ab,LOHILO,LOHILO.ST,81,87,55,93,11,2023-05-02T10:29:59Z
Index Pharmaceuticals Holding Ab,INDEX,INDEX.ST,50,25,7,5,11,2023-05-02T10:29:59Z
Bambuser Ab,BUSER,BUSER.ST,15,24,15,17,11,2023-05-02T10:29:59Z
Sas Ab,SAS,SAS.ST,3,8,5,8,10,2023-05-02T10:29:59Z
Hemcheck Sweden Ab,HEMC,HEMC.ST,93,71,18,98,10,2023-05-02T10:29:59Z
Sas Ab,SASNOO,SASNOO.ST,3,9,9,7,10,2023-05-02T10:29:59Z
Adventure Box Technology Ab,ADVBOX,ADVBOX.ST,69,5,6,5,10,2023-05-02T10:29:59Z
Tangiamo Touch Technology Ab,TANGI,TANGI.ST,25,90,74,96,10,2023-05-02T10:29:59Z
Precise Biometrics Ab,PREC,PREC.ST,2,5,9,8,10,2023-05-02T10:29:59Z
Minesto Ab,MINEST,MINEST.ST,16,4,6,3,10,2023-05-02T10:29:59Z
Scandinavian Chemotech Ab B,CMOTEC_B,CMOTEC-B.ST,2,8,16,26,10,2023-05-02T10:29:59Z
Fluicell Ab,FLUI,FLUI.ST,22,22,45,40,10,2023-05-02T10:29:59Z
Studentbostader I Norden Ab,STUDBO,STUDBO.ST,10,16,10,7,9,2023-05-02T10:29:59Z
Spago Nanomedical Ab,SPAGO,SPAGO.ST,30,48,60,85,9,2023-05-02T10:29:59Z
Coala-Life Group Ab,COALA,COALA.ST,98,14,5,19,9,2023-05-02T10:29:59Z
Asetek A/S,ASTKO,ASTKO.ST,98,11,8,7,9,2023-05-02T10:29:59Z
Ranplan Group Ab,RPLAN,RPLAN.ST,100,80,40,59,9,2023-05-02T10:29:59Z
K2a Knaust & Andersson Fastigheter B,K2A_B,K2A-B.ST,14,11,17,16,9,2023-05-02T10:29:59Z
Svenska Nyttobostader Ab,NYTTO,NYTTO.ST,22,10,12,9,9,2023-05-02T10:29:59Z
Diagonal Bio Ab,DIABIO,DIABIO.ST,18,16,6,3,9,2023-05-02T10:29:59Z
Expres2ion Biotech Holding Ab Btu,EXPRS2_BTU,EXPRS2-BTU.ST,1,2,3,74,9,2023-05-02T10:29:59Z
Humana Ab,HUM,HUM.ST,63,16,5,2,9,2023-05-02T10:29:59Z
Fingerprint Cards Ab Ser. B,FING_B,FING-B.ST,7,37,12,31,8,2023-05-02T10:29:59Z
Appspotr Ab,APTR,APTR.ST,2,2,9,3,8,2023-05-02T10:29:59Z
Pharmacolog I Uppsala Ab Ser. B,PHLOG_B,PHLOG-B.ST,1,3,7,8,8,2023-05-02T10:29:59Z
Pharmiva Ab,PHARM,PHARM.ST,18,24,46,32,8,2023-05-02T10:29:59Z
Divio Technologies Ab Ser. B,DIVIO_B,DIVIO-B.ST,23,19,7,23,8,2023-05-02T10:29:59Z
Secits Holding Ab,SECI,SECI.ST,96,35,4,11,8,2023-05-02T10:29:59Z
Ctek Ab,CTEK,CTEK.ST,28,11,7,9,8,2023-05-02T10:29:59Z
Seamless Distribution Systems Ab,SDS,SDS.ST,65,5,6,5,8,2023-05-02T10:29:59Z
Intervacc Ab,IVACC,IVACC.ST,13,3,3,1,8,2023-05-02T10:29:59Z
Biovica International Ab Ser. B,BIOVIC_B,BIOVIC-B.ST,14,31,32,36,7,2023-05-02T10:29:59Z
Eeducation Albert Ab,ALBERT,ALBERT.ST,43,7,7,4,7,2023-05-02T10:29:59Z
Lidds Ab,LIDDS,LIDDS.ST,17,31,4,18,7,2023-05-02T10:29:59Z
Lmk Group Ab,LMKG,LMKG.ST,50,80,79,69,7,2023-05-02T10:29:59Z
Zwipe As,ZWIPE,ZWIPE.ST,12,52,10,25,7,2023-05-02T10:29:59Z
Desenio Group Ab,DSNO,DSNO.ST,9,5,13,4,7,2023-05-02T10:29:59Z
Ellen Ab Bta,ELN_BTA,ELN-BTA.ST,1,1,2,77,7,2023-05-02T10:29:59Z
Besqab Ab,BESQ,BESQ.ST,13,5,5,4,7,2023-05-02T10:29:59Z
Hoylu Ab,HOYLU,HOYLU.ST,12,4,4,3,7,2023-05-02T10:29:59Z
Irisity Ab,IRIS,IRIS.ST,42,18,89,49,7,2023-05-02T10:29:59Z
Footway Group Ab Ser. B,FOOT_B,FOOT-B.ST,82,11,18,20,6,2023-05-02T10:29:59Z
Promore Pharma Ab,PROMO,PROMO.ST,1,2,3,1,6,2023-05-02T10:29:59Z
Enorama Pharma Ab,ERMA,ERMA.ST,8,3,12,83,6,2023-05-02T10:29:59Z
Loyal Solutions A/S,LOYAL,LOYAL.ST,21,12,12,11,6,2023-05-02T10:29:59Z
Zaplox Ab,ZAPLOX,ZAPLOX.ST,5,3,12,3,6,2023-05-02T10:29:59Z
Gomspace Group Ab,GOMX,GOMX.ST,3,12,6,17,6,2023-05-02T10:29:59Z
Redwood Pharma Ab,REDW,REDW.ST,100,99,14,99,6,2023-05-02T10:29:59Z
Veg Of Lund Ab,VOLAB,VOLAB.ST,99,58,4,14,6,2023-05-02T10:29:59Z
Seatwirl Ab,STW,STW.ST,4,5,4,3,6,2023-05-02T10:29:59Z
Klaria Pharma Holding Ab,KLAR,KLAR.ST,54,20,4,9,5,2023-05-02T10:29:59Z
Nilar International Ab,NILAR,NILAR.ST,10,7,9,6,5,2023-05-02T10:29:59Z
Emplicure Ab,EMPLI,EMPLI.ST,45,7,5,4,5,2023-05-02T10:29:59Z
Bhg Group Ab,BHG,BHG.ST,92,20,14,10,5,2023-05-02T10:29:59Z
Rizzo Group Ab Ser. B,RIZZO_B,RIZZO-B.ST,13,11,9,9,5,2023-05-02T10:29:59Z
Northgold Ab,NG,NG.ST,5,7,11,7,5,2023-05-02T10:29:59Z
Bioservo Technologies Ab,BIOS,BIOS.ST,20,14,9,16,5,2023-05-02T10:29:59Z
Braincool Ab,BRAIN,BRAIN.ST,5,1,2,12,5,2023-05-02T10:29:59Z
Cint Group Ab,CINT,CINT.ST,83,3,3,2,5,2023-05-02T10:29:59Z
Lipigon Pharmaceuticals Ab,LPGO,LPGO.ST,3,4,7,10,4,2023-05-02T10:29:59Z
Aegirbio Ab,AEGIR,AEGIR.ST,2,59,4,48,4,2023-05-02T10:29:59Z
Distit Ab,DIST,DIST.ST,12,2,3,1,4,2023-05-02T10:29:59Z
Prostatype Genomics Ab,PROGEN,PROGEN.ST,100,6,8,4,4,2023-05-02T10:29:59Z
Sprint Bioscience Ab,SPRINT,SPRINT.ST,93,34,16,77,4,2023-05-02T10:29:59Z
Gomspace Group Ab Bta,GOMX_BTA,GOMX-BTA.ST,1,1,1,66,4,2023-05-02T10:29:59Z
Immunovia Ab,IMMNOV,IMMNOV.ST,3,1,1,1,4,2023-05-02T10:29:59Z
Spherio Group Ab,SFERIO,SFERIO.ST,4,26,5,3,4,2023-05-02T10:29:59Z
Stayble Therapeutics Ab Bta,STABL_BTA,STABL-BTA.ST,1,1,1,39,4,2023-05-02T10:29:59Z
Biosergen Ab,BIOSGN,BIOSGN.ST,22,65,18,58,4,2023-05-02T10:29:59Z
Scandion Oncology A/S,SCOL,SCOL.ST,9,7,28,10,3,2023-05-02T10:29:59Z
Opticept Technologies Ab,OPTI,OPTI.ST,23,11,3,12,3,2023-05-02T10:29:59Z
Ellwee Ab,ELLWEE,ELLWEE.ST,9,4,11,3,3,2023-05-02T10:29:59Z
Zazz Energy Of Sweden Ab Ser. B,ZAZZ_B,ZAZZ-B.ST,100,4,1,2,3,2023-05-02T10:29:59Z
Guard Therapeutics International Ab,GUARD,GUARD.ST,0,1,2,1,3,2023-05-02T10:29:59Z
Euroafrica Digital Ventures Ab,EURA,EURA.ST,18,56,3,15,3,2023-05-02T10:29:59Z
Bonzun Ab,BONZUN,BONZUN.ST,4,2,2,1,3,2023-05-02T10:29:59Z
Mavshack Ab,MAV,MAV.ST,94,89,11,43,3,2023-05-02T10:29:59Z
Oscar Properties Holding Ab,OP,OP.ST,12,4,5,20,3,2023-05-02T10:29:59Z
Move About Group Ab,MOV,MOV.ST,2,3,2,2,2,2023-05-02T10:29:59Z
Artificial Solutions International Ab,ASAI,ASAI.ST,96,8,3,93,2,2023-05-02T10:29:59Z
Epti Ab,EPTI,EPTI.ST,1,2,2,1,2,2023-05-02T10:29:59Z
Quiapeg Pharmaceuticals Holding Ab,QUIA,QUIA.ST,2,1,1,0,2,2023-05-02T10:29:59Z
Goodbye Kansas Group Ab,GBK,GBK.ST,40,3,2,14,2,2023-05-02T10:29:59Z
Isofol Medical Ab,ISOFOL,ISOFOL.ST,98,61,74,67,2,2023-05-02T10:29:59Z
Chromogenics Ab,CHRO,CHRO.ST,28,16,4,12,2,2023-05-02T10:29:59Z
Idogen Ab,IDOGEN,IDOGEN.ST,3,6,2,2,2,2023-05-02T10:29:59Z
Arctic Blue Beverages Ab,ARCTIC,ARCTIC.ST,8,8,10,5,2,2023-05-02T10:29:59Z
Amniotics Ab,AMNI,AMNI.ST,7,1,0,0,1,2023-05-02T10:29:59Z
Hunter Group Asa,HUNTO,HUNTO.ST,3,0,1,0,1,2023-05-02T10:29:59Z
Plexian Ab,PLEX,PLEX.ST,7,24,4,5,1,2023-05-02T10:29:59Z
Q-Linea Ab,QLINEA,QLINEA.ST,2,2,1,4,1,2023-05-02T10:29:59Z
Immunovia Ab Bta,IMMNOV_BTA,IMMNOV-BTA.ST,0,0,0,9,1,2023-05-02T10:29:59Z
Zaplox Ab Btu,ZAPLOX_BTU,ZAPLOX-BTU.ST,0,0,1,38,1,2023-05-02T10:29:59Z
Jondetech Sensors Ab,JDT,JDT.ST,9,10,5,12,1,2023-05-02T10:29:59Z
Azelio Ab,AZELIO,AZELIO.ST,95,13,5,2,1,2023-05-02T10:29:59Z
Lipidor Ab,LIPI,LIPI.ST,5,7,3,8,1,2023-05-02T10:29:59Z
Tessin Nordic Holding Ab,TESSIN,TESSIN.ST,8,10,1,5,1,2023-05-02T10:29:59Z
Urb-It Ab,URBIT,URBIT.ST,1,3,2,1,0,2023-05-02T10:29:59Z
Qlife Holding Ab Btu,QLIFE_BTU,QLIFE-BTU.ST,0,0,0,4,0,2023-05-02T10:29:59Z
Qlife Holding Ab,QLIFE,QLIFE.ST,2,1,1,0,0,2023-05-02T10:29:59Z
Swedish Stirling Ab,STRLNG,STRLNG.ST,89,1,0,1,0,2023-05-02T10:29:59Z
